sway,wave
AutoHide,n
-26.586,0.866,-0.545,135.95,1.847
-50.5,7.069,38.199,308.62,1.735
27.509,0.868,-0.875,16.63,1.855
5.857,0.148,-16.727,115.09,2.904
48.281,16.152,56.435,80.96,2.762
-17.764,6.612,39.056,358.58,2.425
-44.697,22.488,67.772,62.59,1.881
-37.251,15.625,56.603,358.54,2.915
-14.641,10.748,48.1,224.65,3.024
-12.368,0.327,-14.811,201.18,2.914
8.187,0.29,-11.383,277.14,2.517
-37.331,18.186,62.413,348.21,1.752
-24.674,1.0,0.266,13.06,1.849
53.617,18.481,63.293,113.09,2.666
-27.643,0.565,-6.545,119.45,2.437
17.995,2.599,15.654,297.67,2.829
-24.48,14.026,55.365,44.57,2.465
-22.337,0.283,-18.538,205.39,2.186
-30.565,0.541,-10.002,220.38,1.973
-18.451,14.123,55.551,73.25,2.868
12.202,2.823,21.568,339.04,1.972
-37.278,2.487,15.416,313.04,1.897
24.037,21.587,61.229,155.71,2.963
7.391,2.792,18.317,239.62,1.799
12.25,17.763,55.717,294.22,2.052
-37.605,6.045,37.174,304.47,1.856
54.733,2.247,14.331,78.18,2.274
23.089,0.401,-17.28,96.05,1.868
-37.204,7.658,40.929,194.83,2.997
-35.328,0.638,-2.168,293.95,2.591
-23.985,17.635,64.089,137.09,2.736
51.416,2.101,11.446,18.6,2.71
11.491,3.135,24.548,171.56,2.528
7.328,23.254,66.204,260.49,1.838
-39.427,2.755,22.079,349.56,2.489
-2.008,3.921,29.569,128.23,1.755
33.728,11.436,45.968,77.84,2.575
17.296,9.275,41.731,227.9,2.06
-15.808,3.936,30.037,189.28,3.022
33.814,16.032,53.27,79.82,2.498
52.828,17.119,59.96,93.92,1.82
47.806,18.722,61.907,80.3,2.523
-15.834,10.791,48.386,89.15,3.058
-33.194,2.927,23.625,49.7,2.475
10.87,0.318,-11.551,11.62,2.505
41.694,9.4,43.059,134.44,1.767
32.86,14.32,50.5,153.93,2.861
10.831,2.702,18.8,122.57,1.844
6.949,22.833,65.592,102.27,1.741
54.639,2.632,20.88,179.24,1.988
-21.777,0.886,-2.352,189.06,2.293
34.039,2.172,14.231,299.54,2.619
-2.247,0.595,-3.987,54.18,2.741
50.247,2.664,18.608,184.02,2.616
-12.721,11.053,48.343,227.47,1.852
11.748,0.262,-15.171,349.51,2.114
-5.268,0.419,-12.759,227.94,2.11
-31.16,0.525,-6.118,229.04,3.016
23.952,8.942,41.081,204.23,2.106
50.548,13.483,51.776,162.87,2.535
-5.081,0.406,-11.521,63.78,3.026
36.313,21.741,63.266,222.07,2.103
-42.947,4.511,31.556,232.41,2.278
3.58,1.886,6.522,269.53,2.777
23.687,0.766,0.055,65.24,2.761
-39.698,10.672,46.632,31.06,2.091
-42.461,3.111,25.237,89.59,2.034
-32.711,7.53,41.087,216.51,2.13
-4.692,10.641,46.239,90.44,3.073
33.962,21.059,61.41,250.47,3.037
11.494,2.923,22.707,44.7,2.188
33.907,2.18,14.373,127.8,3.044
-11.871,2.425,12.643,285.66,3.027
45.19,20.16,63.938,55.41,3.036
-31.805,11.52,49.01,304.54,2.588
-7.359,2.962,14.43,247.49,2.291
17.413,7.964,39.447,291.45,1.826
-51.718,2.946,23.876,184.5,1.891
11.728,22.216,63.348,132.84,2.866
46.838,8.318,41.651,116.06,2.982
38.006,6.773,37.44,109.89,2.832
-13.005,0.537,-4.855,61.55,2.485
42.715,9.231,42.862,226.34,2.305
-18.367,5.083,34.394,50.93,2.767
19.557,5.464,34.241,291.79,2.378
-16.0,7.658,41.655,99.64,2.843
-14.794,6.544,38.813,240.69,2.242
48.545,7.088,39.357,208.51,2.244
15.848,0.619,-1.638,96.24,1.982
-25.532,4.593,33.149,270.38,1.779
-47.763,3.422,26.726,103.85,2.17
39.192,1.225,3.364,252.93,2.412
18.709,1.147,4.35,279.4,2.406
46.76,1.357,5.476,308.16,2.664
3.509,7.466,39.204,181.61,2.879
-0.474,17.871,59.028,239.49,2.216
2.91,4.089,29.343,135.73,2.745
-9.305,11.837,49.164,70.46,2.321
31.052,2.702,22.154,351.6,1.754
22.97,0.349,-9.994,166.68,1.918
-51.521,22.368,65.116,72.05,2.577
14.674,1.33,5.502,245.74,2.26
-48.879,2.172,13.689,137.25,2.497
14.848,0.35,-24.249,331.3,2.653
-44.395,22.264,67.489,142.0,2.846
38.766,19.682,60.4,79.48,2.552
-29.13,9.719,45.83,229.27,2.788
34.621,1.275,2.552,351.17,2.916
30.229,1.691,7.561,273.5,2.272
38.3,21.601,63.743,156.12,2.992
-12.631,16.336,59.582,354.32,1.844
15.379,0.361,-12.146,200.71,2.241
-16.343,0.247,-14.165,337.43,2.172
19.045,0.438,-18.33,91.33,2.702
-4.305,14.357,53.036,80.17,2.921
-26.933,0.538,-8.446,210.87,1.85
-19.81,9.866,46.835,309.83,2.971
41.716,22.363,66.621,119.98,1.972
-1.32,1.208,1.694,215.04,1.891
11.576,0.291,-12.949,254.0,1.893
45.314,10.801,45.894,176.41,3.017
-8.354,17.092,60.21,56.25,2.973
-54.99,4.959,32.991,73.16,2.819
-33.687,13.633,53.025,318.32,2.325
-38.033,7.04,39.497,33.15,2.656
51.815,1.502,6.101,269.27,1.703
-8.538,0.427,-14.931,138.57,2.585
42.009,0.591,-3.853,209.96,2.965
-6.373,3.187,17.538,209.67,1.726
1.877,0.234,-15.03,245.47,2.943
23.639,0.782,0.231,258.2,3.051
-12.695,2.74,18.902,112.07,2.613
6.512,4.139,29.305,315.79,1.706
-22.975,5.022,34.4,1.44,2.31
30.957,1.117,0.733,341.95,2.958
34.08,1.748,8.204,210.82,2.755
24.847,3.807,28.545,188.22,1.9
-11.774,2.833,19.88,177.34,2.123
41.663,2.348,13.489,13.72,1.735
8.131,0.161,-16.295,17.05,2.952
-25.53,2.396,15.617,324.14,1.898
27.443,4.228,29.943,94.49,1.821
-44.607,2.545,20.445,164.5,2.667
10.574,19.971,59.706,307.62,2.572
-3.507,0.424,-19.587,73.21,2.862
-28.861,0.877,0.734,157.53,1.924
21.111,3.234,25.787,273.84,2.281
-48.396,8.715,41.845,4.29,2.316
34.977,17.002,54.973,355.21,3.052
-32.164,8.9,43.901,115.62,2.121
21.219,1.206,4.611,232.39,1.885
11.315,23.533,65.671,298.83,2.69
-36.073,9.649,44.991,61.47,2.451
-28.485,3.295,27.211,8.77,2.556
30.798,4.964,32.1,354.57,1.736
-20.929,16.075,60.081,321.73,2.956
46.653,0.872,1.417,113.3,2.574
-54.364,1.889,9.388,174.06,2.591
0.607,4.621,31.996,155.59,1.862
23.18,14.217,49.316,173.38,1.822
53.954,5.079,34.232,229.3,1.865
14.8,0.354,-17.265,24.5,2.776
48.751,20.126,65.312,7.33,1.787
31.16,2.039,12.092,117.68,2.726
12.03,1.918,9.72,138.66,2.022
1.26,0.26,-14.024,219.21,2.517
54.918,9.547,45.234,15.84,2.665
34.29,0.794,-3.691,129.82,1.76
-40.96,21.361,67.433,330.19,2.741
-1.55,9.89,44.566,267.88,2.013
-26.226,3.164,26.123,220.36,2.809
2.384,22.62,67.048,173.58,2.655
-47.059,13.369,50.439,233.31,2.192
-30.161,9.003,44.294,180.11,2.731
13.471,1.49,6.593,323.12,1.745
-28.278,0.485,-18.583,74.6,1.975
42.903,18.936,60.444,256.77,3.097
-39.926,2.648,20.494,163.19,1.921
28.296,2.998,24.18,159.83,2.976
12.602,2.188,11.973,14.86,2.698
40.635,3.027,24.512,116.85,1.969
44.441,2.682,17.278,67.75,2.531
-13.201,2.925,23.322,228.05,2.574
-15.296,0.255,-15.762,243.04,2.692
-41.895,0.786,-3.314,319.6,2.261
-28.019,2.693,19.713,163.51,2.738
-21.059,15.71,59.237,186.07,1.712
-26.141,3.187,26.272,266.14,2.022
-3.28,15.931,55.948,168.16,2.967
-47.492,4.049,29.464,63.16,1.895
-4.561,16.387,57.281,126.36,2.485
34.944,2.323,16.411,265.17,2.626
-9.256,4.357,32.38,70.84,1.99
13.532,6.492,36.494,173.65,2.759
-29.27,2.861,22.757,90.71,2.852
22.287,3.237,25.793,148.99,1.834
-30.262,11.611,49.417,197.47,2.724
-38.023,17.478,60.477,196.86,2.692
-3.854,8.49,42.196,186.59,2.292
39.963,1.082,2.254,115.82,2.736
-25.75,11.656,50.195,348.75,3.014
20.973,2.64,16.45,224.67,1.885
39.192,19.475,60.149,245.23,2.694
-27.748,2.946,24.175,120.38,2.273
32.076,0.854,-2.899,53.38,2.398
-46.411,2.534,20.364,183.67,2.951
-20.61,1.101,0.314,0.07,1.799
31.153,8.634,40.746,202.41,2.014
16.197,1.732,8.457,103.9,2.742
-37.887,9.95,45.418,85.66,1.947
40.517,11.097,45.9,158.72,2.763
-52.053,2.781,22.267,282.08,1.75
-15.558,0.433,-7.883,161.46,1.75
-22.089,1.841,9.318,145.98,1.737
32.953,0.267,-13.092,342.41,3.012
19.929,19.316,57.411,60.31,2.222
-16.635,1.182,1.708,257.16,2.655
-39.08,6.61,38.351,64.85,2.284
-24.168,3.363,27.222,264.75,2.442
27.587,5.393,33.491,63.71,2.802
36.521,10.362,44.339,55.4,2.094
31.993,16.987,54.507,63.21,2.498
3.357,4.521,31.046,159.46,2.779
-19.301,0.367,-24.429,93.47,2.879
-8.506,7.667,41.036,314.61,1.854
52.945,2.342,14.819,141.64,2.351
45.852,8.151,41.216,116.53,2.185
26.329,21.23,60.675,293.13,2.881
43.141,2.862,22.515,59.7,2.621
-31.123,0.559,-11.358,282.63,2.14
37.693,0.844,-1.846,287.5,2.215
7.804,1.553,5.591,309.97,2.907
3.48,2.422,10.176,353.97,3.022
29.698,0.237,-14.818,89.8,2.827
-43.727,3.013,24.579,31.32,2.232
-41.749,2.44,17.595,207.67,1.817
23.55,2.646,17.749,21.19,3.038
-35.48,2.377,13.45,159.49,2.117
-46.795,1.388,3.784,237.73,3.024
19.881,7.614,38.775,47.89,2.211
-8.922,16.084,57.969,125.08,1.778
-29.486,1.919,9.534,55.56,2.561
-38.847,0.917,0.229,280.51,2.43
-12.678,1.896,8.349,62.72,2.321
40.684,3.129,25.281,16.36,1.917
-47.552,1.555,5.858,136.68,1.902
48.982,1.077,3.011,193.59,2.713
14.472,0.347,-12.777,305.21,2.31
-48.127,9.955,44.261,110.4,1.868
-41.553,3.863,29.219,127.47,2.49
-23.76,0.53,-8.319,223.01,2.319
24.145,0.373,-8.17,140.18,2.503
25.669,23.76,64.868,129.38,2.197
38.905,23.007,66.516,127.42,2.712
37.545,10.521,44.688,26.76,2.89
35.24,3.281,25.907,256.52,2.189
27.01,1.566,6.619,336.91,1.9
-24.03,3.107,25.564,105.77,2.087
33.676,0.841,-3.107,335.59,2.979
1.388,0.288,-11.978,72.65,2.942
22.318,11.438,45.069,17.63,2.317
31.308,14.531,50.646,260.82,2.435
15.289,15.742,51.989,86.38,1.95
-22.069,17.225,62.967,158.12,2.351
12.505,1.726,8.265,341.07,2.475
-24.953,12.627,52.307,95.84,2.677
23.405,3.351,26.426,41.27,1.716
42.612,2.792,21.314,109.35,3.061
29.702,2.388,17.239,151.83,1.992
-37.059,2.467,15.038,300.29,2.62
12.682,19.115,57.879,296.23,3.054
9.605,24.374,67.434,127.89,2.78
-18.312,5.561,36.001,137.29,2.562
-34.313,0.682,-1.093,6.19,1.958
-43.667,18.898,61.205,300.97,3.029
-11.826,1.018,1.28,293.14,2.642
-32.795,1.15,3.95,234.5,2.271
39.642,11.965,47.284,211.56,2.181
-9.942,7.392,40.596,154.28,3.094
32.462,6.829,36.989,275.07,1.855
-42.692,2.498,19.225,194.92,1.764
27.259,6.95,37.257,42.46,2.836
40.841,21.544,64.726,353.08,2.557
38.175,10.117,44.041,227.19,2.611
30.164,1.71,7.777,58.08,2.391
32.151,2.18,14.455,57.93,2.685
-1.102,0.726,-2.683,134.28,2.725
42.137,10.778,45.493,84.8,2.758
17.306,4.06,29.923,144.77,2.708
-28.802,18.913,66.961,212.63,2.735
0.297,3.234,19.621,236.59,2.5
37.587,8.776,41.533,95.1,2.463
26.582,22.29,62.46,108.12,2.287
38.592,0.792,-2.124,112.91,1.83
11.526,17.59,55.571,55.12,2.43
-45.492,19.265,61.249,359.41,3.082
-40.697,20.069,64.94,211.77,1.731
-13.159,17.181,61.745,184.93,2.454
-12.352,15.276,57.041,281.53,2.198
-54.273,10.708,44.643,259.19,1.836
-15.291,8.707,43.968,91.47,2.22
-28.795,11.133,48.687,55.78,1.989
19.096,17.935,55.138,71.75,2.609
-6.235,4.519,32.854,335.8,2.723
39.476,10.537,44.857,143.57,3.053
-21.464,6.385,38.532,45.66,2.86
-40.158,4.427,31.783,156.81,3.009
21.183,2.761,19.419,331.39,2.475
54.867,3.102,25.335,322.93,2.041
49.664,6.057,37.057,281.27,2.386
8.081,11.748,46.81,3.7,1.8
45.771,2.719,17.786,309.4,2.133
41.501,2.046,10.643,269.29,2.249
-36.185,18.36,63.345,212.13,3.003
-39.907,4.545,32.261,110.87,2.442
-19.317,6.359,38.393,264.5,2.569
-40.655,17.117,58.736,217.43,2.942
45.686,6.142,37.022,340.88,3.066
-19.933,1.985,11.281,323.39,1.899
-29.353,1.191,3.958,321.01,1.926
22.476,0.355,-24.349,288.21,1.802
39.087,0.544,-6.912,135.65,2.11
7.372,12.316,47.862,278.95,1.819
-32.571,5.723,36.928,157.2,1.859
-45.11,15.585,54.654,314.38,2.32
16.751,14.855,50.434,160.62,2.598
-21.159,1.232,1.997,328.39,2.063
-29.821,11.723,49.703,176.38,2.97
13.931,24.789,67.274,219.48,2.042
-0.455,17.25,57.787,176.52,1.899
-14.917,0.319,-21.53,34.34,1.995
-33.264,0.592,-2.682,293.34,1.936
21.956,16.203,52.294,219.9,2.604
-45.788,20.485,63.471,176.56,2.554
-8.971,16.145,58.13,13.72,2.237
48.24,12.265,48.96,195.25,2.049
-45.536,2.525,20.281,296.05,2.343
-31.366,2.634,16.364,136.01,2.353
-54.402,2.841,22.418,177.76,2.33
15.127,2.413,13.929,83.46,1.996
35.266,22.648,64.508,353.73,3.026
38.667,22.009,64.644,179.23,2.947
-49.783,3.532,27.299,243.59,2.341
33.173,0.258,-13.447,44.13,1.922
48.283,1.57,6.956,6.68,2.677
-30.98,2.733,18.701,150.94,2.822
28.457,23.163,64.023,198.58,2.203
27.953,2.618,20.485,143.75,1.905
-37.612,6.566,38.456,157.56,2.863
51.297,8.316,42.18,354.01,2.126
38.142,0.841,-1.663,326.12,2.912
31.348,2.374,17.564,200.68,2.504
-31.629,11.914,49.809,114.8,2.354
15.706,0.385,-18.955,291.69,2.31
41.749,19.097,60.323,14.72,2.554
8.119,2.3,11.887,104.4,2.054
0.314,15.572,54.42,86.74,2.75
-8.494,2.943,15.394,285.85,2.468
37.996,10.68,44.994,132.59,1.733
8.761,16.348,54.107,118.05,2.197
-22.462,1.326,3.374,265.19,1.936
45.535,1.03,2.931,337.35,2.946
53.924,16.065,57.959,328.89,2.722
35.409,10.7,44.838,36.23,2.505
-19.718,2.182,14.232,264.43,1.704
50.085,3.04,24.814,181.27,2.12
-48.541,1.217,2.027,285.34,1.937
8.812,23.031,65.383,284.07,2.387
-28.416,3.71,29.759,88.4,2.226
-14.832,3.054,24.91,69.74,1.792
-19.376,2.546,20.389,24.74,2.297
32.965,17.996,56.225,280.24,1.706
6.635,0.326,-10.384,147.07,2.662
-38.294,3.561,28.369,17.97,2.005
-49.111,20.0,61.459,202.95,1.779
-21.564,0.407,-10.594,56.19,2.495
54.25,8.922,43.84,249.25,2.91
15.129,2.953,23.22,46.56,2.485
-4.418,0.45,-18.077,142.12,2.121
20.509,0.61,-0.914,209.63,2.683
-33.372,17.95,63.485,136.8,1.809
6.382,21.769,63.89,308.81,2.634
-46.242,2.566,20.778,116.67,2.786
-44.79,4.447,31.086,342.81,2.11
-21.806,2.558,20.445,94.74,2.713
49.61,1.031,2.427,96.64,2.737
9.944,0.317,-11.326,341.71,2.499
-36.78,19.523,65.73,308.18,2.262
-3.626,3.306,24.692,250.09,1.744
45.219,11.196,46.564,122.45,1.843
-1.305,12.549,49.262,32.18,2.492
-41.878,9.917,45.005,48.26,1.829
16.226,22.517,63.271,85.11,2.325
4.939,23.219,66.993,105.23,2.276
42.429,1.08,2.963,151.44,1.899
-8.127,9.925,45.373,108.53,3.013
31.581,24.596,66.789,134.13,1.935
-4.652,20.751,66.955,327.69,1.753
36.659,3.983,29.132,187.7,2.065
-21.104,17.493,63.56,21.6,2.708
-37.024,1.721,8.009,260.02,2.616
44.807,1.479,6.349,355.28,2.731
40.725,21.707,64.977,309.37,2.465
-0.079,19.202,61.581,102.02,2.835
37.542,2.436,17.035,347.2,1.725
-53.252,19.081,58.717,113.45,2.174
26.256,23.695,64.772,70.93,2.817
39.737,5.403,34.333,7.89,3.073
49.263,2.956,24.009,65.04,2.215
-15.745,11.491,49.786,186.02,2.79
31.679,6.128,35.264,8.73,2.804
-30.276,2.517,14.982,276.99,1.862
50.81,20.494,66.82,291.46,3.01
14.828,6.246,36.007,173.28,2.859
-4.235,3.28,19.052,106.12,1.841
39.904,21.71,64.608,0.82,2.207
-48.637,2.484,19.034,22.47,1.737
25.676,2.342,14.224,190.74,2.41
-3.106,0.412,-20.207,69.35,2.704
-35.243,3.704,29.672,336.08,1.992
-28.824,1.578,6.96,265.09,2.112
-14.819,11.916,50.475,239.85,2.652
6.627,4.345,30.15,206.52,2.797
-21.855,17.615,63.926,312.28,2.987
-53.473,2.74,21.1,47.76,2.886
-7.499,0.957,0.883,7.89,2.637
-52.432,7.221,38.451,106.69,2.464
-53.85,8.657,41.16,311.48,2.505
-27.412,14.903,57.06,226.91,2.46
-11.309,7.775,41.525,19.15,2.993
-24.467,0.413,-12.899,182.44,2.94
-27.024,10.311,47.289,275.91,2.484
-3.919,5.542,35.727,328.27,2.744
34.233,13.801,49.83,31.87,2.581
-51.098,1.6,6.832,222.87,2.308
28.485,8.091,39.583,55.06,1.992
31.055,19.463,58.264,254.66,2.556
50.161,2.937,23.846,45.05,1.927
-12.974,0.627,-3.461,29.55,2.123
17.082,24.368,66.27,276.0,2.511
7.922,15.468,52.863,351.32,3.012
37.887,2.56,19.231,52.97,2.286
12.53,19.583,58.7,235.95,3.096
-16.277,12.555,52.024,123.52,1.895
-14.861,7.616,41.456,304.56,2.819
-8.255,7.038,39.698,49.35,1.844
9.432,2.419,13.723,78.8,2.112
-23.277,6.536,39.01,138.53,2.254
11.846,0.3,-12.888,98.58,2.741
30.659,1.713,7.808,92.59,2.793
7.996,3.386,25.761,294.01,2.364
-13.389,8.929,44.196,135.46,1.783
37.863,1.692,7.638,109.53,2.541
-49.916,16.062,54.299,203.98,2.243
-0.287,3.943,29.239,209.51,2.144
-27.028,0.859,-0.359,266.71,2.172
-26.123,0.805,-1.698,324.34,2.538
32.008,6.253,35.584,317.78,2.682
13.846,2.72,19.22,263.67,2.406
-8.779,3.219,25.592,107.54,1.892
-2.692,0.404,-19.027,322.96,2.532
-2.539,0.379,-12.357,296.05,1.903
9.817,0.222,-14.222,326.17,2.609
-3.257,3.375,25.8,88.82,1.951
31.529,4.317,30.014,130.71,3.012
-20.574,1.953,10.822,257.17,2.281
32.745,0.38,-10.17,113.81,2.449
51.494,5.676,36.105,293.32,1.818
37.915,0.811,-2.233,117.82,1.911
41.445,1.529,6.503,154.7,1.957
41.228,17.786,57.613,55.81,1.798
47.865,5.789,36.336,78.15,1.818
-41.67,12.21,49.267,351.63,2.839
-4.348,1.592,4.567,284.83,2.799
-29.942,1.394,5.633,191.72,2.05
-24.108,3.983,30.442,250.33,2.24
15.549,5.241,33.536,267.88,3.029
-48.621,3.324,26.26,25.06,2.881
-19.979,0.4,-10.037,359.49,2.461
34.856,18.319,57.074,317.31,2.167
-31.776,2.896,23.067,165.51,2.483
-43.564,8.204,41.358,106.57,1.873
-23.079,17.199,62.937,47.57,1.83
1.897,13.793,51.062,196.69,3.061
-15.718,0.251,-17.11,191.28,2.295
25.093,18.064,55.407,279.02,1.817
-46.034,21.985,66.237,330.32,2.02
-24.243,1.859,9.414,355.51,2.831
-50.668,2.063,11.676,32.94,2.534
11.741,4.718,31.673,111.15,2.855
21.076,22.144,62.274,46.28,2.132
32.48,11.647,46.205,148.32,2.798
46.642,14.411,52.531,239.78,2.918
39.65,5.725,35.163,342.66,2.575
31.873,24.366,66.469,293.81,1.951
-0.173,22.303,67.725,283.5,2.673
25.583,0.343,-11.107,222.47,2.955
27.904,9.032,41.332,79.37,1.914
-1.863,0.891,-0.767,192.4,2.904
-21.358,3.946,30.007,344.72,1.877
14.213,4.778,32.114,20.79,3.03
46.855,0.811,0.735,14.54,2.669
-54.463,3.874,29.167,287.72,2.264
-42.204,17.029,58.044,241.87,1.993
11.145,17.938,56.208,339.91,1.815
40.621,18.755,59.274,86.68,2.092
-6.78,0.417,-12.668,350.49,2.93
-6.808,8.492,42.508,35.13,1.724
-14.408,1.841,8.339,185.19,2.342
-47.359,2.236,15.174,118.46,1.762
51.71,2.93,23.93,223.01,2.342
-21.505,2.975,24.556,349.95,1.789
36.578,6.456,36.502,112.5,2.239
-40.151,5.528,35.327,161.79,2.583
-2.759,18.568,61.401,307.91,1.977
-38.809,3.199,26.103,132.62,2.204
3.633,0.972,-0.833,144.18,2.595
-0.179,18.861,60.929,53.71,2.46
-48.604,20.017,61.638,112.82,2.25
41.759,1.649,7.441,56.17,2.035
51.052,2.206,12.362,349.8,2.513
-21.525,3.421,27.361,272.3,2.202
-54.108,12.53,47.608,102.67,2.017
37.054,16.625,54.681,6.18,2.283
-40.019,16.602,57.865,152.44,3.077
17.245,12.291,46.481,271.7,2.135
21.662,0.414,-4.978,123.5,2.281
43.059,2.19,11.667,87.49,1.925
-23.32,17.176,62.892,102.96,2.335
14.758,0.346,-14.627,165.58,2.245
48.38,2.19,11.646,245.57,2.025
38.131,2.558,19.011,318.76,2.592
10.041,1.437,5.399,207.19,3.019
45.626,12.466,48.817,155.58,2.668
40.787,21.983,65.513,176.13,2.583
-11.394,0.357,-15.12,237.99,2.411
-11.779,0.371,-18.953,302.74,2.596
43.49,16.945,56.619,96.72,2.094
12.223,0.402,-9.491,67.02,2.282
45.692,2.709,17.622,113.76,2.863
0.493,4.354,30.931,134.78,2.501
21.771,1.235,4.755,248.67,3.025
6.659,0.165,-18.559,325.34,2.424
29.56,2.261,15.05,162.03,3.004
-49.135,2.025,11.576,327.5,3.079
-36.026,1.283,4.717,35.97,2.167
27.542,18.084,55.652,65.4,2.536
-25.15,15.067,57.687,203.1,1.927
25.36,0.406,-7.691,284.68,2.932
-9.582,12.104,49.735,157.39,2.59
19.37,17.013,53.617,286.25,2.362
-35.903,1.434,5.905,253.72,2.143
-14.424,0.876,-0.962,201.39,2.289
-30.221,0.552,-4.94,157.65,2.944
4.015,0.223,-20.421,210.48,1.797
-31.822,2.399,13.388,301.46,2.545
-3.087,0.38,-22.78,285.39,2.293
13.413,4.836,32.211,1.37,2.183
-9.651,3.024,22.604,111.99,2.858
-44.252,3.145,25.361,51.9,1.919
-17.005,0.231,-16.779,120.93,2.923
-11.715,2.314,11.453,287.41,2.05
-34.022,8.603,43.147,242.11,2.865
-27.993,2.75,21.152,215.55,2.583
47.354,7.056,39.192,44.1,2.075
20.148,3.25,25.946,142.43,3.002
-6.523,0.407,-11.748,33.97,1.828
16.468,1.941,9.899,172.02,2.79
26.666,0.478,-6.585,226.85,3.01
-20.953,1.998,11.434,302.25,2.332
51.172,8.345,42.224,123.88,1.744
45.881,3.279,26.742,104.28,2.364
-10.471,1.394,4.325,181.79,2.279
41.691,19.965,62.028,4.53,1.998
-37.113,0.604,-3.994,228.58,1.901
-14.123,3.121,25.372,196.7,2.212
-29.745,0.901,1.323,289.17,2.528
54.685,13.137,52.199,6.33,2.305
-7.637,16.093,57.603,52.89,2.223
-15.093,0.871,-1.281,70.96,2.76
-27.091,0.614,-5.221,131.07,1.845
16.329,1.403,6.183,145.79,2.375
-5.851,3.245,24.667,190.42,2.734
-28.456,2.723,20.204,346.37,3.084
-16.132,1.088,0.799,14.45,2.735
-36.708,0.885,0.79,317.01,2.999
-47.738,6.353,36.6,4.53,1.88
-27.762,7.782,41.967,296.73,1.924
25.896,5.154,32.981,81.82,2.696
28.76,2.545,19.655,269.75,2.495
-29.54,0.723,-1.064,228.34,2.606
-37.091,11.968,49.278,24.87,1.802
33.124,20.563,60.409,296.5,2.213
54.379,1.942,10.355,349.78,2.694
37.148,1.407,4.634,114.64,2.395
-14.928,0.561,-5.344,203.88,2.391
-2.626,1.103,1.135,57.01,2.914
-41.865,1.52,5.746,249.06,2.232
-16.447,3.255,26.363,241.63,1.796
-18.233,0.223,-16.932,266.59,2.312
18.078,0.397,-13.915,349.48,2.404
22.645,2.571,15.885,306.58,2.466
-47.011,1.879,9.891,315.51,1.784
-36.592,17.487,61.09,128.15,2.936
-50.591,19.377,59.907,114.39,2.762
13.011,5.557,34.216,73.12,2.288
-21.33,2.019,11.689,173.5,2.33
41.537,17.532,57.219,230.25,1.72
-49.567,3.167,25.378,131.08,2.948
-31.948,1.022,2.857,265.63,2.763
-33.622,12.032,49.77,320.0,2.542
42.558,0.619,-2.903,90.76,2.553
-38.888,12.937,50.926,159.74,2.95
11.251,3.666,27.584,214.76,1.986
17.964,8.611,40.584,149.07,2.197
21.544,9.933,42.709,190.74,2.026
0.556,3.29,23.95,12.92,2.975
6.985,19.756,60.153,284.62,2.735
-31.241,18.025,64.337,240.35,1.99
-1.855,0.676,-3.073,253.05,1.778
-10.497,1.23,3.096,195.28,2.677
-3.927,1.349,3.036,332.71,2.898
-13.427,0.321,-18.582,239.41,2.478
26.188,7.249,37.924,199.28,2.34
23.681,3.104,24.766,75.38,1.84
-1.142,2.587,9.872,109.97,2.059
-24.467,0.377,-15.156,110.37,2.901
31.893,23.933,65.767,76.52,2.621
-46.326,19.497,61.398,93.3,1.841
37.727,3.651,27.909,278.66,2.794
-51.832,13.392,49.444,21.38,1.912
44.73,2.756,19.278,282.91,2.79
-47.546,1.267,2.41,19.91,1.779
-40.669,13.132,51.069,355.88,2.349
-4.535,3.257,19.893,182.01,2.435
14.566,2.114,11.322,331.4,2.112
-41.972,0.693,-4.867,37.58,2.457
23.768,2.859,22.479,241.79,2.473
20.244,17.436,54.26,27.59,2.388
38.72,2.437,16.199,133.16,3.001
-48.501,17.017,56.284,46.69,3.088
30.795,10.567,44.238,265.15,2.604
1.049,0.596,-5.063,344.74,2.067
-22.132,12.1,51.455,262.89,2.011
8.717,11.297,45.965,26.5,1.93
29.156,1.471,5.293,172.32,1.999
-20.904,1.597,6.302,1.77,3.019
-52.869,3.129,25.081,104.7,1.878
47.66,15.112,54.13,175.2,2.691
-23.295,0.336,-21.893,191.99,2.775
52.379,2.973,24.315,249.09,2.134
-49.023,3.032,24.553,65.66,1.713
-45.503,4.303,30.502,196.91,1.787
-33.288,16.753,60.47,59.08,1.928
25.669,22.618,62.98,163.98,3.077
44.012,7.206,39.163,2.02,2.033
52.434,2.614,19.359,11.55,2.419
4.764,2.878,16.127,318.32,2.921
8.313,21.989,63.702,234.67,2.047
-33.919,2.101,10.817,103.16,2.682
-42.507,19.774,63.463,58.76,2.424
40.843,7.36,39.092,133.07,1.987
26.709,14.337,49.8,161.95,3.064
7.641,2.622,15.317,357.43,1.82
-19.795,1.112,0.386,210.81,2.164
-31.942,0.931,2.072,33.01,2.292
48.156,5.564,35.775,16.67,2.032
-38.714,2.058,11.012,279.04,2.921
29.096,2.096,12.459,329.76,1.716
-49.596,3.932,29.044,60.07,2.082
-33.557,13.319,52.383,104.44,2.12
28.759,9.42,42.086,344.05,2.04
-52.0,4.313,30.679,164.94,3.081
19.384,9.545,42.118,22.83,2.932
13.736,0.348,-11.869,192.0,1.95
-20.43,1.265,2.299,228.63,2.686
12.178,1.853,9.226,209.2,2.862
11.526,7.455,38.565,175.56,1.736
16.858,1.089,3.858,236.08,2.003
-26.793,8.528,43.641,262.15,2.443
-50.162,2.443,17.476,37.63,1.906
25.928,10.579,43.886,276.99,1.893
-52.175,6.986,37.967,86.2,2.609
30.482,0.264,-13.073,147.03,2.689
-4.695,17.86,60.646,179.34,2.658
-6.174,3.185,20.709,334.11,2.2
-37.392,15.043,55.316,309.03,2.994
-19.434,1.702,7.467,141.79,2.284
-19.964,2.215,14.842,258.73,1.833
54.112,20.474,67.863,268.28,2.958
-3.888,0.423,-14.673,293.4,2.34
13.936,23.073,64.475,329.4,2.544
13.37,2.844,21.97,27.06,2.673
49.443,1.997,10.169,120.44,2.0
-45.913,2.15,13.993,306.21,2.571
-27.24,0.879,0.058,323.97,2.855
-21.139,2.902,24.064,181.95,2.633
-2.115,3.706,28.351,241.92,2.629
42.072,1.42,5.734,147.59,3.059
-36.578,10.658,46.858,127.15,1.942
-25.575,17.307,63.255,48.06,2.563
23.391,1.639,7.559,213.5,2.65
-37.527,18.622,63.33,352.59,2.437
-32.426,4.332,32.669,299.78,2.917
44.068,19.072,61.18,4.79,2.629
-42.179,17.496,58.979,84.83,2.323
-8.606,17.225,60.614,150.0,2.718
-45.18,4.893,32.578,325.17,2.414
4.094,0.168,-16.4,46.24,1.865
14.022,1.94,9.982,261.69,2.202
-20.144,0.397,-10.178,301.55,1.996
6.067,3.036,22.453,218.78,2.473
31.126,15.567,52.212,85.44,1.727
-39.214,2.647,20.066,163.18,2.36
-29.34,0.546,-15.641,174.11,2.9
15.711,2.576,15.761,232.07,2.824
16.904,0.394,-15.456,220.33,1.968
-50.746,3.472,27.028,310.52,1.762
48.622,5.376,35.264,163.03,2.968
-29.329,0.767,-0.488,201.84,2.309
43.82,0.91,1.692,274.67,2.943
-39.799,1.631,7.109,177.75,2.217
-16.297,0.437,-8.062,171.62,2.233
1.801,0.302,-22.208,87.74,2.517
35.661,0.582,-6.782,50.18,2.356
32.363,0.653,-5.641,109.03,2.712
30.614,0.322,-11.308,196.43,2.858
-46.962,8.47,41.514,140.87,2.266
18.637,1.695,8.138,285.71,2.085
15.283,0.903,1.903,134.99,2.154
14.983,1.931,9.887,354.28,1.924
-4.066,0.659,-2.611,87.57,2.689
-51.542,19.123,59.209,265.91,2.325
48.648,2.112,11.065,20.74,1.731
-34.776,1.365,5.451,238.26,2.727
-19.191,4.195,30.989,253.59,3.069
-10.309,0.372,-13.376,338.48,2.46
-45.69,1.59,6.191,151.59,2.081
30.162,1.073,0.394,196.81,1.798
46.721,19.593,63.382,20.22,2.469
-26.484,1.997,10.52,14.24,1.968
48.568,4.392,32.211,122.6,2.467
-42.407,15.106,54.383,319.94,2.542
12.729,0.963,1.644,254.35,2.242
1.455,9.219,43.028,136.86,2.326
9.246,0.185,-16.56,180.54,2.558
-24.628,2.65,20.887,167.45,3.058
-9.411,13.842,53.163,215.08,2.087
23.366,4.708,31.977,266.95,2.236
15.289,1.69,8.165,59.72,2.039
40.09,2.399,14.82,135.04,1.764
-46.077,13.136,50.238,43.34,2.826
-51.382,3.837,28.76,358.66,1.738
26.081,5.063,32.708,288.56,2.137
25.663,0.344,-19.499,262.64,2.687
18.254,22.507,63.076,346.77,1.813
7.958,21.48,62.899,146.8,2.849
-24.624,1.142,1.971,119.16,2.305
-1.327,15.992,55.571,227.57,2.38
18.869,2.857,21.823,229.05,2.047
-42.988,1.072,0.259,235.79,1.885
4.822,3.682,27.174,225.55,2.591
45.593,4.731,33.233,172.6,2.002
-19.849,2.024,11.812,86.13,2.273
-10.632,3.615,28.826,81.66,2.212
26.39,8.367,40.095,276.33,2.743
36.816,2.892,23.529,204.02,2.949
-27.574,1.102,2.685,244.09,2.982
5.963,0.819,-2.749,287.98,2.383
-41.942,0.836,-2.595,145.19,2.724
-0.265,0.349,-23.728,125.02,2.045
47.351,1.312,5.119,97.29,2.543
38.112,2.06,11.478,152.61,1.853
-44.2,1.35,3.37,231.9,2.705
21.282,0.432,-18.657,119.46,2.322
-5.192,16.531,57.808,275.51,3.033
-1.31,8.03,41.008,314.52,2.65
-38.703,0.968,0.883,133.24,1.788
-22.108,5.739,36.653,357.48,2.559
-51.286,4.174,30.14,214.38,2.943
-6.08,0.471,-17.834,262.54,2.122
-0.825,3.421,25.688,288.83,2.003
5.168,10.939,45.801,176.77,2.645
-41.153,1.526,5.934,336.31,3.052
25.858,0.323,-16.162,27.61,2.42
5.969,0.317,-23.853,320.72,2.958
-11.802,2.603,14.656,7.24,3.001
-45.271,3.639,27.834,76.9,2.51
44.519,7.118,39.038,171.2,2.323
1.05,11.66,47.476,125.36,2.134
-50.865,2.293,14.586,197.41,2.62
46.537,2.123,10.99,209.59,2.816
-36.395,1.44,5.887,214.02,1.848
35.97,6.182,35.753,131.09,1.711
-15.051,1.134,1.608,154.29,1.786
24.239,17.835,54.984,132.9,2.731
44.45,15.997,55.022,236.62,2.106
-17.131,5.286,35.1,108.11,2.55
-38.222,2.589,17.777,201.35,1.917
-4.58,17.797,60.459,51.56,1.781
46.008,12.18,48.373,220.97,2.77
47.15,1.512,6.578,94.65,2.758
-24.438,10.934,48.876,14.95,2.313
-7.397,2.978,14.701,310.57,1.719
-21.479,1.565,5.962,171.48,3.011
5.582,3.139,23.366,258.65,2.508
4.076,1.145,0.898,283.34,2.995
6.874,1.901,7.939,273.28,2.691
-8.442,7.215,40.107,232.22,2.81
-54.407,5.38,34.163,123.86,1.772
27.897,5.551,33.903,301.78,3.021
-21.241,2.45,18.702,293.81,2.428
14.147,16.753,53.759,38.26,2.617
43.853,2.12,11.013,305.45,2.974
27.028,20.377,59.301,165.59,1.987
37.536,2.306,14.883,10.49,2.968
5.52,2.992,21.189,11.13,2.765
23.691,0.376,-22.418,313.76,1.772
-43.455,0.787,-3.795,256.67,1.778
-46.84,1.97,11.196,20.82,2.628
53.228,18.349,62.875,314.48,2.793
27.386,4.283,30.136,73.9,2.228
32.189,0.917,-2.067,269.25,2.146
46.138,17.097,57.738,157.48,2.866
16.073,12.275,46.552,81.75,2.893
54.861,3.518,27.853,243.29,2.875
-41.755,0.805,-2.963,313.31,2.445
42.033,1.389,5.484,318.64,2.654
49.843,8.605,42.557,333.69,2.189
-40.629,13.744,52.19,287.39,2.827
-30.868,2.589,15.787,154.44,3.088
1.943,2.718,11.635,300.82,2.69
7.012,2.848,19.398,291.4,1.978
-9.944,2.975,20.946,215.5,1.83
-47.715,1.742,8.134,355.86,2.035
26.45,1.599,6.979,125.44,2.818
-16.344,15.332,57.933,185.07,1.874
31.792,25.098,67.637,296.65,2.574
-13.601,3.112,25.257,240.05,2.684
-47.24,1.135,0.705,137.21,2.219
12.964,1.048,2.642,31.52,2.802
-13.529,5.862,36.981,356.39,2.9
8.572,0.341,-24.464,223.16,2.032
-30.409,2.746,19.461,68.79,2.022
-51.564,1.966,10.427,95.25,1.905
45.979,10.701,45.807,296.28,2.833
41.63,21.287,64.585,315.79,2.397
26.774,8.968,41.189,320.17,2.084
49.995,20.643,66.832,84.81,2.641
-38.658,8.587,42.698,149.62,2.986
-43.371,2.751,22.632,226.37,2.419
20.87,9.351,41.777,197.08,2.539
-0.305,0.332,-11.662,31.17,2.677
22.768,0.358,-9.064,353.1,2.043
-31.745,1.653,7.564,208.04,1.809
-21.157,0.462,-9.246,338.45,2.001
3.503,12.315,48.361,158.99,2.164
27.855,1.053,1.141,40.87,2.587
-11.394,11.742,49.419,111.43,2.187
-23.266,3.212,26.24,231.33,2.927
44.248,16.988,56.922,234.35,1.916
-7.412,0.383,-23.649,177.79,2.133
-31.294,11.387,48.827,135.96,2.832
-30.297,3.056,25.274,11.42,2.6
-30.112,2.072,10.682,8.33,2.929
14.371,24.234,66.337,178.88,1.954
-54.195,19.186,58.69,159.31,2.196
-13.044,2.702,18.422,72.64,2.872
3.488,15.275,53.325,173.37,2.304
5.786,1.725,6.156,277.74,2.391
-2.17,19.742,63.677,294.8,2.018
-33.239,1.423,5.967,148.69,2.803
18.743,1.927,9.7,265.65,1.967
-22.05,1.408,4.205,136.7,2.339
-32.386,0.651,-1.425,93.21,2.709
3.468,0.928,-1.292,328.47,2.981
49.064,3.254,26.57,125.75,2.394
49.956,1.968,9.963,71.9,1.894
36.582,1.607,6.631,227.03,2.488
-10.27,1.435,4.596,88.7,1.999
20.6,5.427,34.133,14.02,2.887
8.343,18.109,57.053,67.77,2.453
25.368,0.397,-7.933,112.58,2.169
54.629,20.002,67.009,342.82,2.765
34.911,1.238,2.19,236.09,1.867
-54.713,5.724,35.039,183.62,2.107
18.315,6.031,35.583,103.36,2.634
46.489,13.825,51.403,284.73,2.059
9.513,21.632,62.783,138.67,1.949
52.261,2.8,22.497,330.5,1.745
-18.461,11.642,50.432,22.11,2.264
-25.15,6.548,39.095,219.87,1.729
-7.178,17.553,60.894,270.65,2.031
19.106,11.286,44.849,304.1,1.807
10.985,7.211,38.08,46.94,2.897
40.944,5.344,34.383,147.41,2.454
54.707,1.735,8.074,168.4,1.742
18.68,21.474,61.253,260.07,2.902
1.243,0.285,-12.664,317.82,3.074
42.636,0.897,1.218,89.08,3.054
-31.263,1.365,5.512,273.57,2.02
12.576,0.287,-14.846,317.75,1.879
12.649,0.34,-23.913,239.87,2.064
-49.709,1.305,3.399,171.94,1.736
-13.429,9.126,44.594,197.42,2.041
-21.238,1.829,9.179,330.3,2.859
-9.819,19.188,65.715,290.52,1.836
-11.018,0.751,-1.254,164.66,1.818
38.342,4.235,30.375,193.27,2.084
20.838,21.43,61.042,206.05,2.592
22.834,2.163,11.596,205.92,2.79
-51.073,2.567,19.216,272.5,2.118
20.025,6.534,36.657,33.89,1.707
-7.58,0.458,-19.301,176.76,2.685
-13.927,11.165,48.808,233.23,2.737
-9.282,3.161,24.965,264.31,3.098
-2.338,0.385,-15.224,211.51,2.085
-32.258,6.596,39.075,152.22,2.256
32.595,9.845,43.105,345.36,2.271
-27.231,0.832,-0.64,147.64,2.123
32.42,0.9,-2.288,172.1,2.111
30.035,1.58,6.295,174.74,1.904
-0.317,6.535,37.635,177.02,2.326
-25.129,17.481,63.701,6.06,2.346
-5.693,0.873,0.013,92.48,3.053
36.796,10.997,45.451,24.48,2.567
-11.32,12.823,51.545,265.59,2.197
-10.655,2.915,20.067,208.28,2.979
52.035,9.501,44.633,291.53,2.227
-53.92,20.629,61.375,198.4,1.926
45.761,5.846,36.336,155.45,1.91
-22.861,2.929,24.232,156.78,2.566
-46.803,2.606,21.194,142.57,1.936
-27.106,3.236,26.646,331.43,2.851
26.867,0.304,-18.533,308.78,2.22
8.443,2.683,17.031,251.85,2.622
38.267,5.089,33.147,351.7,1.782
-36.702,12.161,49.678,307.6,1.997
-5.593,3.327,26.023,88.04,2.007
-10.334,2.787,15.43,164.5,1.856
-8.851,8.514,42.772,321.08,2.871
-29.751,0.559,-14.173,160.32,1.717
-22.088,11.002,49.199,264.03,2.612
34.381,3.318,26.056,175.84,2.283
-36.612,0.511,-10.095,190.11,2.688
10.43,14.946,51.566,0.3,2.109
-6.479,10.044,45.366,143.01,2.371
49.64,1.476,6.163,123.87,2.375
-35.005,2.57,15.645,282.52,2.118
37.92,18.884,58.696,80.12,1.906
37.489,1.921,10.031,68.47,2.913
-2.69,14.41,52.828,28.67,2.436
-0.812,18.626,60.694,325.84,2.332
23.163,0.379,-14.579,285.94,2.488
50.989,4.933,33.945,228.41,2.987
-10.545,1.328,3.857,284.08,2.18
36.681,0.495,-8.456,9.59,1.797
35.492,23.986,66.854,276.01,2.647
-7.05,6.069,37.381,273.38,2.259
7.413,17.171,55.704,314.65,2.664
8.255,1.672,6.728,108.11,1.874
-45.132,16.882,56.953,263.18,2.639
31.64,0.798,-3.541,167.43,2.302
38.65,2.652,20.571,117.57,2.328
-54.368,15.655,52.581,239.85,2.082
-47.166,1.641,6.908,31.68,2.776
24.12,0.761,-0.223,93.52,1.96
-38.693,2.438,15.48,300.05,1.898
4.911,0.957,-0.953,83.52,2.358
20.7,0.388,-22.875,221.01,2.767
-48.472,2.049,12.024,49.32,2.962
-3.671,9.307,43.707,135.1,2.955
-19.67,1.682,7.236,24.39,2.615
26.655,3.473,26.835,42.9,2.462
50.424,2.238,12.523,256.11,1.797
-36.066,18.001,62.536,192.29,2.673
-15.196,6.164,37.823,78.14,2.211
-5.343,11.715,48.256,169.3,2.918
-43.256,2.092,12.63,312.23,2.31
-17.678,0.304,-22.224,192.24,2.828
44.762,2.795,20.599,283.79,2.32
-15.153,12.92,52.576,347.58,2.77
-13.279,0.361,-23.344,178.5,1.807
-6.204,3.203,18.955,208.43,2.638
6.905,0.16,-15.343,264.52,3.022
47.93,5.497,35.583,78.38,2.293
0.033,1.23,1.66,7.93,3.094
-32.821,2.763,19.352,228.96,3.074
-46.531,2.632,21.542,15.82,2.584
-10.914,12.948,51.697,30.98,2.578
28.191,0.683,-3.808,157.82,2.079
27.352,4.577,31.092,223.14,3.034
-19.457,14.966,57.463,207.09,2.741
31.359,4.775,31.494,31.85,2.425
-14.482,2.567,17.571,126.79,1.964
-14.984,1.492,5.068,185.35,1.845
-9.233,2.934,16.336,272.77,1.994
28.921,1.295,3.426,37.48,2.622
31.529,0.208,-15.704,175.17,2.669
-10.655,2.923,20.647,325.12,2.264
-5.922,3.186,21.429,264.66,2.044
-35.805,15.582,56.875,345.82,3.043
-42.469,5.953,36.123,297.74,1.827
52.957,7.557,40.758,167.23,2.287
-44.922,3.26,26.015,209.78,2.259
-34.355,0.657,-1.498,3.08,2.58
-14.568,4.397,32.129,334.68,2.294
-8.288,13.03,51.259,115.23,2.287
-26.747,6.619,39.298,159.88,3.051
45.755,3.842,29.967,330.14,2.843
37.643,20.867,62.163,356.28,2.091
54.552,1.899,9.852,101.2,2.356
-17.175,2.272,14.792,99.29,2.914
18.206,3.136,24.975,293.86,2.62
44.255,5.369,34.943,176.0,1.722
41.058,6.826,38.017,86.46,2.403
44.832,19.66,62.744,69.26,2.687
-43.471,9.408,43.847,307.29,2.127
-5.89,0.852,-0.146,92.04,1.816
-9.324,1.116,2.254,5.79,2.284
-11.881,1.503,5.21,188.8,2.357
28.892,2.083,12.206,177.52,2.607
11.277,5.011,32.536,118.32,2.606
-26.859,0.438,-18.446,130.17,2.166
16.736,11.329,45.035,272.5,1.984
26.947,1.791,8.75,322.03,2.314
35.269,13.248,49.048,100.78,2.861
-17.833,1.927,10.131,202.22,2.744
-2.373,17.229,58.377,358.88,2.081
-0.605,8.697,42.249,94.72,1.769
-33.217,14.263,54.478,219.77,2.378
-54.666,2.803,21.885,295.43,2.933
53.428,5.561,35.742,339.32,2.321
19.563,5.748,34.909,102.56,1.855
10.49,0.305,-11.753,319.8,2.996
-9.912,0.53,-3.858,217.82,2.95
34.818,4.881,32.025,269.46,2.373
0.549,17.691,58.329,221.06,2.89
16.028,21.152,60.921,102.36,2.439
14.164,2.039,10.761,262.28,2.68
-28.013,16.456,60.897,129.66,1.897
0.957,5.045,33.318,261.53,2.73
24.321,0.375,-21.27,340.83,2.844
-27.641,14.776,56.725,308.55,2.605
28.978,1.42,4.781,259.19,2.989
-25.804,7.69,41.859,270.28,3.064
51.53,2.425,15.196,247.83,3.079
24.487,2.759,21.132,23.07,2.559
39.449,7.277,38.742,99.05,2.025
-19.771,5.308,35.157,177.62,1.738
9.817,13.456,49.318,260.51,2.162
22.825,4.1,29.975,184.18,3.04
46.905,21.283,66.91,96.81,1.855
-53.995,3.287,26.213,220.62,1.991
48.67,3.566,28.551,201.81,2.403
-24.754,11.248,49.482,273.05,2.353
-31.64,0.532,-5.226,124.31,1.99
7.03,0.747,-3.696,337.79,1.965
3.186,10.605,45.415,23.49,2.787
16.007,20.301,59.439,274.28,2.784
-23.104,5.568,36.211,218.39,2.343
53.289,6.023,37.03,61.74,2.574
-18.482,10.39,47.865,94.41,2.657
-37.349,14.575,54.351,88.75,2.654
10.369,18.118,56.655,97.06,2.74
-28.6,1.179,3.688,227.18,1.92
-31.522,0.545,-4.38,138.63,2.053
48.631,2.489,14.769,339.11,2.507
-30.153,0.933,1.795,145.79,3.035
19.34,6.147,35.852,151.42,2.077
20.059,0.492,-2.666,266.81,2.641
37.135,1.777,8.493,71.49,1.715
12.85,21.608,62.123,278.48,2.714
26.469,0.727,-2.067,83.72,3.036
10.23,2.817,21.129,324.14,2.872
-2.487,0.38,-12.816,326.31,1.781
-16.118,0.551,-6.012,125.78,2.876
-0.613,3.766,28.356,297.45,2.236
35.875,2.922,23.806,8.07,2.152
-19.792,10.975,49.15,121.96,2.57
14.681,13.142,48.053,224.77,2.134
20.239,0.654,-0.231,101.2,2.305
-26.809,17.761,64.362,143.73,2.918
49.073,11.802,48.31,40.33,2.046
-53.901,2.402,14.483,64.78,2.513
38.735,3.691,28.228,348.45,2.099
27.521,2.916,23.493,301.27,1.835
-41.421,2.15,12.855,356.66,2.157
-7.514,1.602,5.226,205.83,2.313
-15.936,5.961,37.225,339.95,2.803
37.426,14.122,50.645,120.45,1.853
0.768,2.733,11.299,23.57,2.182
-32.318,3.309,27.518,0.41,1.969
25.957,16.377,52.833,109.64,2.835
29.459,0.248,-14.158,243.03,2.121
13.762,0.325,-14.01,142.59,2.228
20.973,0.86,1.811,1.97,2.338
27.011,15.278,51.266,201.34,2.902
40.406,20.392,62.342,188.07,2.34
9.84,1.935,9.402,199.81,2.848
-5.179,15.392,55.33,232.67,1.797
-10.127,5.469,35.991,65.1,2.825
49.609,4.522,32.615,313.22,1.829
6.735,0.706,-4.323,163.55,2.779
-5.226,0.423,-21.772,55.28,2.052
-32.55,3.587,29.282,327.81,1.753
-32.102,0.582,-2.926,309.3,2.314
-2.744,3.823,29.158,258.71,1.97
-18.384,3.164,25.806,77.16,2.605
-21.007,13.317,53.978,131.6,2.08
-15.478,0.806,-2.211,80.42,2.533
0.229,0.8,-2.148,282.09,1.709
-47.505,11.054,46.36,87.08,2.094
3.252,21.458,64.51,212.76,2.299
-49.698,2.518,19.18,209.61,1.82
-23.875,0.359,-14.789,58.96,2.24
28.086,5.797,34.51,185.1,3.065
27.579,22.353,62.614,126.73,2.978
-25.275,6.253,38.325,203.14,2.874
47.208,3.152,25.826,261.38,2.602
10.853,0.248,-14.216,7.54,2.947
13.029,24.507,66.959,45.34,2.619
-51.22,14.531,51.446,317.66,2.667
-21.085,0.271,-15.113,211.74,2.278
-27.617,0.723,-2.08,31.52,2.688
14.617,20.846,60.56,295.52,1.723
-44.636,5.437,34.333,96.74,1.907
-54.791,2.91,23.094,220.01,2.817
-30.401,14.288,55.099,224.43,2.91
14.002,3.071,24.302,345.33,2.626
2.303,3.134,19.378,244.1,2.794
33.758,11.12,45.43,135.43,2.576
4.849,0.79,-3.04,16.59,2.656
0.661,0.284,-17.769,286.49,2.838
3.864,21.845,64.964,236.87,2.934
-5.462,6.273,37.74,226.78,1.83
35.213,1.979,11.083,79.7,2.11
50.962,6.052,37.087,103.98,3.061
20.958,8.403,40.183,85.78,1.948
-8.291,14.059,53.334,280.1,2.458
17.655,2.33,12.861,156.91,2.617
-42.143,10.756,46.561,54.2,2.173
12.879,22.375,63.442,342.55,2.514
38.812,9.81,43.539,90.79,1.867
-43.835,1.496,5.164,159.9,2.233
-26.758,3.095,25.551,278.62,1.928
-18.695,0.89,-2.206,123.5,2.594
-4.239,15.322,54.95,54.34,2.253
-18.316,1.785,8.418,200.58,2.349
29.785,0.556,-6.556,148.63,2.37
44.89,7.17,39.185,75.36,2.868
48.956,1.998,10.133,140.73,3.023
-26.991,2.917,23.953,314.84,2.374
36.259,1.521,5.7,327.89,2.029
-32.816,11.12,48.1,11.62,2.725
1.6,18.411,59.364,154.05,1.934
46.039,2.872,22.414,62.78,2.572
-43.088,14.767,53.633,201.14,2.059
13.681,1.976,10.254,152.7,1.719
-19.23,6.57,38.973,47.17,2.385
52.658,2.473,16.645,36.83,1.852
43.364,2.452,14.163,151.09,2.129
32.559,23.428,65.085,241.12,2.186
37.821,8.721,41.451,135.32,2.415
-2.657,20.343,65.157,142.84,1.74
27.181,2.819,22.629,2.39,2.407
36.786,1.065,0.656,5.83,3.058
-54.218,24.025,67.274,42.1,2.496
-23.293,14.736,57.022,297.61,1.793
-3.774,3.24,21.838,294.6,2.122
-33.745,1.763,8.334,77.48,2.488
-42.078,1.381,4.193,288.86,2.953
-47.128,2.945,24.1,141.93,2.396
2.549,12.956,49.553,260.99,2.508
9.276,5.894,34.926,141.51,2.995
-40.018,0.75,-2.942,18.25,1.815
22.1,11.052,44.469,45.69,3.064
-19.413,14.658,56.784,188.64,1.72
-22.001,5.47,35.811,356.17,2.723
37.723,2.031,11.225,290.31,2.876
-7.038,0.43,-13.737,299.99,1.742
-51.407,16.142,54.063,18.93,2.848
33.227,4.925,32.028,52.87,2.021
30.494,20.59,60.001,69.6,2.978
8.632,18.474,57.593,161.55,1.885
-38.101,15.965,57.097,329.93,2.266
20.126,5.321,33.883,327.62,2.356
-47.493,13.007,49.736,16.07,3.03
-1.039,13.576,51.043,226.83,1.736
-29.647,17.559,63.515,346.58,2.422
-29.853,9.88,46.058,242.41,2.154
-31.798,3.534,28.985,191.31,2.732
-18.804,2.385,17.485,135.14,2.482
39.262,3.847,28.995,133.37,2.679
-49.347,15.15,52.914,66.88,2.941
12.082,3.066,24.142,216.92,2.6
1.494,8.092,40.798,270.18,2.711
-51.56,16.323,54.331,194.3,2.383
-6.054,9.996,45.229,330.93,2.913
-12.277,11.73,49.583,116.7,2.649
-20.041,19.274,67.83,275.9,1.829
-11.346,18.026,63.394,211.15,2.297
-43.21,17.861,59.352,202.24,1.859
-3.035,17.177,58.487,29.63,2.911
50.828,19.641,65.018,73.15,2.606
-11.307,1.278,3.469,265.15,2.688
53.041,1.903,9.737,222.26,2.74
17.49,0.388,-13.712,323.09,2.12
6.204,10.639,45.141,91.71,1.975
-24.236,4.695,33.358,215.0,2.527
15.574,4.52,31.394,201.82,2.067
-54.409,9.575,42.732,192.54,2.805
8.222,19.628,59.623,244.45,2.831
14.653,2.81,21.194,47.06,2.55
24.729,0.367,-19.337,40.05,2.098
8.337,2.48,13.89,140.99,1.897
-40.194,15.867,56.33,181.63,1.767
-35.962,1.992,10.072,40.78,2.216
29.415,2.393,17.163,142.98,2.283
-16.188,3.625,28.466,124.99,2.941
48.031,0.976,2.309,211.16,2.125
15.971,1.656,7.938,64.91,2.981
40.216,11.332,46.272,126.91,2.691
-9.144,3.023,21.526,333.81,2.233
15.946,23.966,65.729,55.77,2.765
28.935,20.209,59.197,155.25,2.135
17.591,11.356,45.02,78.31,1.95
17.662,14.308,49.504,167.64,2.441
-50.188,22.167,65.122,101.17,3.034
32.749,1.771,8.51,270.52,2.947
51.806,1.755,8.282,110.9,2.748
21.017,0.808,1.273,58.64,2.069
-43.119,6.886,38.418,304.25,2.211
-37.971,15.684,56.527,200.13,2.141
-3.873,0.429,-15.393,180.15,1.732
22.147,24.308,65.831,43.17,2.098
-42.612,0.942,-1.323,37.72,2.382
43.971,0.714,-0.595,61.88,2.155
0.863,1.038,0.073,132.42,2.011
-13.544,1.846,8.156,0.54,2.234
27.801,0.288,-13.323,256.15,2.101
-1.162,19.243,62.144,306.62,2.95
35.88,3.537,27.141,136.04,1.848
25.658,2.598,18.442,227.38,2.154
-50.013,2.57,20.049,359.87,2.115
22.6,0.376,-13.335,19.5,2.713
33.86,7.103,37.718,75.77,3.099
24.568,4.365,30.697,348.75,2.877
-14.374,16.895,61.288,65.79,1.73
-45.925,3.282,26.085,311.44,2.736
-11.953,1.062,1.671,33.34,2.424
-20.202,3.267,26.441,221.64,2.055
-37.746,2.494,15.756,292.06,1.9
22.014,3.811,28.827,52.75,2.489
-23.343,0.506,-8.914,255.08,1.917
20.409,4.496,31.471,277.37,2.994
-27.296,5.632,36.701,170.08,2.646
-3.32,7.113,39.354,41.68,2.512
-19.226,5.895,37.02,21.2,1.965
47.024,20.847,66.111,292.37,2.462
3.595,11.37,46.723,119.68,2.272
13.355,0.333,-21.49,358.7,2.078
-5.928,3.424,27.052,14.73,3.029
13.797,12.947,47.867,32.99,2.906
21.053,8.444,40.25,176.64,2.548
-12.199,3.557,28.405,235.61,2.199
6.877,0.169,-18.671,77.72,2.761
-28.518,3.775,30.121,96.67,2.439
-19.802,0.569,-6.961,200.03,2.287
-14.925,0.274,-17.882,25.69,1.727
-13.004,0.937,0.217,86.66,2.463
18.016,18.701,56.484,198.86,1.727
-25.288,14.698,56.811,110.5,1.842
23.701,1.316,5.061,73.37,2.35
-54.303,16.745,54.404,139.08,2.847
0.981,21.221,65.093,61.89,3.082
7.153,1.84,7.606,215.21,2.189
24.741,1.973,10.198,232.95,2.178
-35.71,1.542,6.703,263.87,2.327
-19.042,18.619,66.147,22.3,2.389
-15.779,4.328,31.718,138.11,3.081
-51.476,21.468,63.501,65.78,2.58
-34.184,9.676,45.204,0.42,1.818
31.294,16.423,53.548,55.4,2.348
33.176,7.804,39.192,132.09,2.837
12.583,12.408,47.197,197.33,3.022
45.989,1.039,3.036,310.87,2.772
10.711,1.079,2.168,353.97,2.736
-45.448,4.173,30.033,61.33,1.711
13.984,0.771,-0.242,106.61,2.846
-18.829,5.339,35.254,255.47,2.53
-21.705,0.266,-17.553,181.9,2.864
-21.749,2.648,21.678,40.2,1.722
-17.649,5.472,35.709,155.16,2.637
-1.06,10.46,45.548,28.19,2.623
-45.53,3.49,27.104,157.03,2.13
52.433,2.128,11.908,271.98,2.43
12.134,1.91,9.664,137.07,1.908
-26.59,3.304,27.072,154.14,3.047
13.714,0.345,-23.961,122.52,2.804
-37.251,1.417,5.581,121.95,2.181
-9.042,0.378,-23.723,193.81,2.489
53.654,1.777,8.523,100.65,2.079
23.724,0.351,-10.256,284.06,2.361
21.222,4.576,31.703,138.52,2.607
-19.374,16.373,60.684,352.97,2.802
-11.144,14.727,55.501,3.32,2.783
-24.939,0.362,-21.172,94.03,2.983
52.277,4.102,30.798,264.19,2.11
33.39,2.383,17.849,162.52,2.946
-21.229,1.969,11.027,221.48,2.392
14.781,5.422,33.995,344.62,2.238
-17.137,8.824,44.397,301.92,2.003
47.626,12.555,49.354,233.2,2.47
52.353,2.515,17.188,178.58,2.332
46.629,4.048,30.841,34.39,1.97
29.934,2.568,20.463,222.78,2.233
46.486,1.852,8.973,314.05,3.089
12.074,3.599,27.334,148.17,2.355
46.904,12.044,48.305,55.35,1.916
-18.733,15.818,59.328,283.32,2.087
-7.022,17.24,60.095,126.07,2.928
7.14,5.412,33.639,164.27,2.578
14.577,1.233,4.705,4.96,2.939
-4.252,14.212,52.743,250.24,2.165
48.544,2.358,13.267,63.08,2.083
21.029,24.774,66.612,37.23,1.923
-25.852,16.269,60.6,145.22,2.77
48.562,4.141,31.226,240.11,2.333
-22.88,3.351,27.023,203.86,2.374
32.749,2.621,21.385,314.0,2.913
-52.924,10.719,44.866,187.18,2.926
-5.315,3.206,21.28,344.55,2.479
-39.172,1.421,5.26,268.58,2.665
-44.009,7.704,40.216,26.82,3.043
-11.661,0.4,-7.362,351.03,2.445
19.048,1.859,9.228,331.51,2.191
14.38,21.852,62.333,238.7,2.224
-25.064,0.542,-8.057,234.15,2.315
12.856,3.162,24.885,223.54,2.831
27.125,2.208,13.246,185.36,2.114
36.401,1.007,-0.229,169.73,2.551
-28.075,0.532,-8.989,74.29,2.878
-3.36,0.424,-18.488,121.69,1.846
20.075,17.25,53.957,296.31,2.315
-37.992,0.502,-9.345,119.72,2.918
-4.868,16.68,58.034,327.63,2.278
40.48,1.463,5.86,285.49,2.739
-23.058,3.665,28.767,252.34,1.76
38.252,21.417,63.388,225.6,2.699
-51.471,2.418,16.1,131.46,2.178
43.238,18.739,60.157,324.56,2.995
2.973,3.165,22.482,217.7,2.995
42.335,1.711,7.944,273.42,1.832
-48.42,11.005,46.114,65.16,1.905
-50.404,19.591,60.345,217.65,2.733
-1.546,11.055,46.649,339.95,2.407
4.737,9.493,43.202,187.73,2.328
-15.628,2.173,12.406,277.57,2.908
3.379,23.189,67.611,126.23,2.535
46.485,11.873,47.923,297.34,2.036
6.492,3.069,22.947,30.28,2.126
-19.789,4.923,33.84,317.76,2.844
-49.708,7.243,38.618,288.84,2.078
-15.877,16.806,61.32,26.01,2.16
-28.584,0.531,-13.661,1.02,1.872
-45.991,16.916,56.77,140.16,2.038
19.942,2.835,21.23,9.52,1.727
-35.497,1.828,8.805,136.98,1.721
-1.438,18.886,61.516,35.11,2.892
-35.616,0.517,-7.868,223.5,2.778
45.964,1.724,8.059,203.08,1.911
-25.877,6.971,40.171,3.88,2.738
-21.334,0.587,-6.93,233.12,2.994
15.056,24.04,65.958,26.96,2.24
-13.83,16.819,61.005,330.44,2.537
-22.02,2.739,22.599,350.07,2.976
14.925,13.249,48.185,196.49,2.062
-26.056,0.833,-1.315,16.7,3.012
49.455,4.695,33.208,90.98,2.957
29.934,0.422,-8.964,180.66,2.768
-29.059,0.744,-0.992,29.65,2.121
-14.038,10.542,47.584,1.97,1.922
-3.677,1.173,1.88,73.07,1.863
16.941,25.364,67.825,154.57,2.009
-27.45,9.274,45.129,214.03,2.216
46.03,2.175,11.369,339.71,2.515
-13.889,1.539,5.584,335.2,2.342
36.47,12.078,47.239,168.58,2.389
-42.547,2.071,12.173,210.49,2.25
8.617,0.418,-8.993,111.73,1.973
-15.032,7.997,42.354,149.49,1.838
-40.096,1.373,4.628,93.03,2.127
21.976,1.76,8.463,11.46,2.202
50.314,18.591,62.508,179.45,2.63
-47.549,1.428,4.35,243.93,2.706
-3.606,8.28,41.764,183.33,2.619
52.584,18.636,63.337,257.46,2.567
-45.21,2.08,12.808,48.29,2.906
-9.264,5.653,36.443,337.95,1.742
16.639,0.645,-0.923,335.46,1.824
-44.167,3.49,27.176,225.65,2.32
16.894,23.095,64.199,337.09,1.718
-4.421,0.41,-12.473,143.47,1.984
11.65,1.352,5.128,4.71,2.943
1.935,1.041,-0.031,255.7,2.059
-53.257,2.596,18.028,233.24,2.093
-33.11,17.835,63.289,131.7,3.077
5.751,0.31,-10.61,111.61,2.544
-9.591,0.705,-1.485,33.59,2.117
-19.324,3.377,27.054,36.11,1.833
26.793,5.575,34.063,21.05,2.319
-54.894,6.444,36.734,192.61,1.919
18.776,1.504,6.852,248.09,2.803
16.746,19.644,58.225,70.16,1.997
16.838,3.214,25.554,152.72,2.734
-12.285,0.697,-2.209,93.39,2.139
1.467,16.661,56.155,263.18,2.685
-24.195,2.374,16.085,155.22,1.933
-3.303,4.542,32.507,271.14,2.25
-34.086,0.862,1.276,102.69,2.855
-47.486,1.574,6.086,239.12,2.422
-51.034,2.503,17.952,112.7,2.06
43.119,3.476,27.806,20.41,3.097
-44.539,14.457,52.805,323.11,2.717
-4.028,5.116,34.527,32.75,2.573
19.913,2.819,20.755,328.4,2.258
-13.588,0.32,-19.006,87.18,2.661
49.151,5.11,34.513,313.86,2.336
-0.31,1.204,1.515,115.67,1.912
-24.266,13.971,55.271,291.12,1.963
-26.893,5.328,35.785,63.19,2.656
-44.563,2.12,13.365,171.28,2.617
-27.342,14.034,55.043,309.06,2.14
-12.319,1.002,1.013,14.33,1.762
25.465,0.725,-1.487,11.75,2.706
16.072,2.429,13.94,196.77,2.054
-44.462,13.504,51.163,173.33,2.273
-16.767,1.639,6.588,237.84,3.007
-15.263,12.005,50.734,15.04,2.453
-26.319,0.439,-16.039,9.41,1.902
-46.272,11.034,46.524,151.55,1.767
0.694,3.259,23.045,77.48,1.716
6.565,19.283,59.447,185.17,2.703
-22.479,1.006,-0.566,26.49,2.239
26.188,6.107,35.403,98.09,3.054
-6.983,4.052,31.036,97.32,2.041
-51.499,9.24,42.479,357.84,2.32
-10.642,20.114,67.972,325.1,2.233
5.009,0.704,-4.242,212.71,2.079
-10.38,0.367,-24.116,294.3,2.868
-21.431,0.511,-8.275,63.9,2.705
-27.277,7.403,41.144,212.76,2.729
29.542,1.769,8.5,77.9,2.292
-49.173,3.351,26.393,293.76,2.369
-9.55,3.57,28.582,127.2,2.653
-38.678,0.569,-6.083,84.21,1.804
40.661,0.705,-2.316,165.93,1.997
-10.022,9.715,45.264,235.56,1.745
12.18,9.964,43.236,191.9,2.295
-34.168,3.595,29.211,54.3,2.125
-40.215,2.114,12.004,241.36,2.841
24.429,4.256,30.351,123.64,3.035
16.284,22.893,63.916,318.25,1.829
33.601,11.32,45.758,314.84,2.28
-11.889,3.218,26.072,96.01,2.043
23.909,2.579,16.717,187.73,2.665
-54.246,5.081,33.308,263.5,2.038
-53.853,2.315,13.463,313.59,3.044
-36.799,16.838,59.479,279.52,2.148
-5.889,18.494,62.63,205.07,2.393
-21.916,0.357,-23.857,13.76,3.094
52.538,13.406,52.17,45.06,1.838
21.392,0.383,-22.999,131.94,2.481
-13.17,4.447,32.45,139.02,2.971
37.932,3.0,24.288,166.18,2.074
30.671,6.28,35.642,316.06,2.238
-33.294,1.421,5.949,217.08,2.837
21.291,0.369,-6.776,37.73,2.071
-21.084,0.26,-15.882,255.87,2.14
-18.386,17.696,63.806,284.24,2.263
-18.975,12.735,52.697,178.16,2.283
47.555,16.114,56.125,296.99,1.997
50.141,4.801,33.541,245.0,2.313
5.38,17.621,56.898,218.36,2.084
-9.367,9.036,43.867,47.72,2.172
18.745,0.381,-6.265,93.82,2.565
-43.353,1.069,0.103,324.85,2.147
52.246,2.649,20.044,114.79,2.723
-34.412,3.224,26.728,351.09,2.332
17.054,0.412,-19.478,7.08,2.174
52.471,7.082,39.631,38.51,2.131
-16.747,10.64,48.2,244.71,3.061
24.331,2.337,13.616,193.1,3.027
-41.31,2.664,21.34,307.57,2.147
8.531,18.735,58.046,103.0,2.415
-37.939,3.678,29.025,265.44,2.816
-23.272,5.755,36.788,97.88,2.92
-29.903,0.563,-14.388,297.72,2.971
15.986,1.852,9.304,73.7,2.951
-12.932,3.449,27.715,175.48,2.92
-18.367,0.237,-18.908,334.04,2.469
34.785,15.516,52.591,149.56,2.525
37.602,2.708,21.786,329.14,2.515
-37.073,3.809,29.886,330.38,2.952
36.603,11.535,46.351,161.6,2.913
-47.392,22.473,66.627,47.71,2.737
-20.89,8.755,44.423,311.27,1.711
31.282,2.387,17.779,219.13,2.617
18.809,0.955,2.788,79.02,2.585
-5.97,12.294,49.411,187.66,2.349
1.28,0.52,-6.307,111.64,2.995
-38.678,12.083,49.345,348.66,2.684
51.561,3.317,26.876,157.33,1.722
23.129,11.665,45.451,199.06,2.388
-30.148,6.547,39.065,91.24,3.091
45.452,20.339,64.418,341.13,2.166
-21.068,4.292,31.462,16.49,2.148
22.885,9.992,42.823,238.82,1.714
21.032,21.035,60.347,295.89,2.224
-0.303,3.853,28.762,255.96,2.028
4.221,3.031,20.312,5.43,2.315
22.889,0.901,1.736,250.18,2.444
-50.552,2.892,23.456,102.34,2.586
-47.807,4.646,31.629,146.88,2.809
-38.527,1.155,2.957,280.92,2.134
-0.274,2.357,8.567,314.29,2.874
14.248,1.948,10.038,81.79,2.125
-46.176,2.811,23.128,297.03,2.696
34.529,0.432,-9.425,105.71,2.707
23.739,17.542,54.486,243.34,2.648
4.25,2.754,13.698,346.59,2.975
22.152,2.633,16.695,223.4,2.071
41.036,1.883,9.291,142.31,2.669
18.71,3.481,27.283,274.37,2.523
12.214,18.264,56.547,205.39,2.078
40.678,11.28,46.222,307.28,3.035
-19.787,11.934,51.115,24.11,2.999
-22.224,0.324,-13.72,89.15,2.51
35.413,5.85,34.825,165.61,2.995
-11.313,0.941,0.617,127.67,1.813
-47.804,1.609,6.522,298.6,1.728
10.452,2.841,21.593,31.81,2.029
37.566,4.351,30.641,185.87,1.734
-35.99,9.848,45.374,124.63,1.952
-8.718,3.016,17.436,18.56,2.1
-22.718,0.903,-1.855,173.0,2.722
-16.619,12.137,51.221,39.14,2.708
-48.772,13.112,49.65,286.91,1.798
15.73,22.947,64.063,39.81,1.816
46.816,2.042,10.368,174.93,2.247
23.453,23.719,64.823,160.84,2.538
-14.118,10.583,47.678,309.03,2.611
-26.507,18.43,66.056,170.82,2.626
-32.447,1.134,3.811,139.68,2.122
-28.255,1.127,3.118,141.09,2.144
-12.693,2.231,11.216,169.49,2.723
-7.001,1.329,3.457,87.1,2.609
27.132,1.154,2.588,42.36,1.861
-46.907,20.104,62.346,161.58,2.612
31.991,2.21,14.955,90.03,1.847
8.196,3.603,26.935,191.29,2.51
12.918,22.742,64.067,43.78,2.651
47.832,16.001,55.973,171.28,2.986
-33.624,9.167,44.286,47.61,2.626
3.084,17.078,56.505,247.14,2.322
29.772,24.9,66.969,229.16,2.307
-51.208,10.893,45.431,302.63,2.673
0.587,8.194,41.114,242.79,1.795
54.201,2.56,19.524,314.92,2.385
22.411,1.001,2.78,2.19,2.375
20.877,4.288,30.736,244.69,2.973
5.251,20.469,61.929,285.27,2.77
45.55,1.762,8.331,133.82,2.861
-52.09,2.919,23.574,185.08,2.83
26.228,20.868,60.063,138.4,2.723
15.055,7.999,39.56,302.66,2.991
-27.217,3.529,28.574,185.13,3.055
41.155,17.314,56.71,122.54,3.073
-33.062,1.71,7.96,358.22,2.005
-8.913,3.038,21.734,80.82,2.801
28.997,8.447,40.294,81.51,2.05
12.3,0.336,-23.489,58.33,2.848
-30.823,5.122,35.322,330.44,2.366
22.854,0.399,-20.912,254.65,2.193
-2.627,18.234,60.624,231.37,1.808
37.819,14.542,51.363,298.16,2.252
-0.147,0.559,-5.301,239.56,2.606
10.524,7.057,37.741,333.73,1.815
-20.201,1.299,2.672,7.03,2.585
7.271,2.463,13.029,316.04,1.986
3.696,3.284,24.372,229.89,2.129
-25.476,15.317,58.257,199.02,2.749
-41.445,13.119,50.944,316.99,2.219
-51.936,22.541,65.307,231.66,2.641
-4.47,0.45,-18.263,324.29,2.881
23.937,4.12,29.94,313.61,2.947
-43.359,20.348,64.227,172.54,2.274
-54.814,10.277,43.873,241.77,2.252
14.667,4.004,29.439,143.09,2.381
-24.61,0.361,-17.551,92.58,2.01
23.689,21.56,61.185,357.49,2.384
-31.232,2.695,17.583,231.63,2.703
25.574,23.29,64.103,205.96,2.785
33.606,0.367,-10.638,262.2,2.311
-14.967,0.594,-4.833,9.92,2.647
11.603,0.313,-22.423,302.16,1.717
11.69,0.309,-22.208,137.66,2.764
7.911,0.32,-23.894,337.01,2.659
52.625,3.178,25.969,50.94,2.779
-17.287,12.866,52.801,135.8,2.076
-25.955,0.86,-0.985,334.47,2.545
-24.392,0.366,-15.779,103.1,2.521
-13.349,2.519,15.224,216.31,2.623
-53.993,16.186,53.532,331.45,2.145
-24.282,0.94,-0.755,298.91,1.769
43.251,7.055,38.763,266.33,1.982
-43.259,2.09,12.61,235.73,2.352
28.522,2.093,12.236,292.07,2.787
2.467,3.46,25.838,131.36,2.604
-18.171,4.783,33.316,332.3,2.013
33.902,1.122,0.539,321.51,3.056
12.5,19.849,59.156,177.33,2.846
37.035,12.711,48.322,8.93,2.005
19.236,2.581,15.41,330.21,2.153
10.615,10.96,45.114,200.16,3.077
-7.12,6.596,38.62,1.82,2.803
-37.584,1.145,3.157,300.81,2.886
-33.468,2.135,11.078,241.32,1.933
-32.969,0.537,-9.677,320.77,2.895
4.425,12.59,48.713,121.81,1.963
40.57,14.69,51.919,117.61,2.354
-50.092,22.783,66.255,279.07,2.804
53.872,4.596,32.572,306.24,1.845
-54.201,4.327,30.909,89.7,2.455
6.529,8.294,40.637,86.83,2.983
20.348,2.687,17.15,332.61,1.957
-11.669,16.018,58.594,321.11,2.131
33.784,22.499,63.815,72.43,2.141
-15.492,2.221,12.951,304.22,1.883
-48.598,2.834,23.161,272.25,2.654
-4.617,0.434,-14.718,190.88,1.923
11.578,2.428,14.389,15.19,2.436
26.003,2.617,19.231,242.03,2.459
-36.78,5.726,36.478,141.95,2.009
-7.143,2.864,13.252,23.6,2.267
45.338,11.962,47.893,344.05,2.269
3.383,0.186,-16.369,25.07,2.738
28.163,14.431,50.109,317.64,2.336
53.672,1.686,7.641,148.7,2.888
-40.078,5.632,35.647,51.1,1.784
41.45,20.528,63.044,207.95,1.955
-9.897,8.108,42.095,128.3,2.465
52.811,2.191,12.83,200.47,1.764
-23.073,5.775,36.836,85.86,1.791
23.982,2.578,16.727,208.36,2.828
0.166,5.394,34.556,120.85,2.681
41.853,1.242,4.282,337.59,2.872
-39.939,0.716,-3.488,170.74,2.74
18.516,14.157,49.221,12.13,1.702
-29.306,2.132,11.3,173.98,2.021
16.136,0.373,-13.808,46.93,2.213
42.448,21.474,65.314,25.89,2.713
26.318,1.935,9.999,224.31,3.016
9.571,3.884,28.389,297.23,2.52
-42.283,4.686,32.277,87.94,1.8
-13.377,7.136,40.25,127.0,1.993
39.562,10.358,44.559,241.83,2.757
53.002,12.806,51.145,183.26,1.982
-7.251,3.115,17.101,263.92,1.735
-44.331,4.678,31.955,109.12,2.525
-30.912,16.611,60.762,323.81,2.93
-51.91,6.099,35.919,331.5,2.042
12.349,2.682,18.508,284.69,2.955
14.253,20.463,59.936,130.44,2.129
-1.613,0.37,-17.553,104.98,2.438
-44.755,21.826,66.495,253.43,2.276
42.869,0.828,0.515,328.16,2.916
-31.139,2.716,18.031,229.56,2.798
42.027,17.002,56.324,352.89,2.009
-5.439,6.417,38.082,337.67,2.03
39.431,0.63,-4.567,62.68,3.095
-42.757,1.751,8.224,60.53,1.743
-37.817,0.514,-8.324,47.19,2.933
-16.762,1.313,3.085,276.34,2.356
2.454,7.699,39.864,318.99,2.122
-35.487,12.805,51.068,244.69,2.774
-26.397,0.511,-9.762,114.87,1.771
52.806,2.6,19.329,243.44,1.917
4.255,9.574,43.412,315.99,1.902
-6.617,0.419,-12.797,178.32,2.937
28.897,6.1,35.232,214.14,2.118
-31.463,10.741,47.536,76.81,1.746
-32.539,15.015,56.348,218.47,1.969
18.615,0.436,-17.968,268.63,2.942
-0.043,13.839,51.39,47.11,2.419
23.498,0.366,-8.471,52.44,2.886
6.346,1.552,5.013,160.03,3.032
8.929,1.62,6.546,177.81,2.917
43.17,0.692,-1.253,127.76,2.881
-11.373,17.127,61.198,326.82,2.575
-41.469,6.721,38.258,130.46,2.462
9.361,16.66,54.49,300.77,2.822
-41.009,1.965,10.494,71.22,2.489
6.487,20.491,61.58,173.88,2.041
-30.898,15.299,57.409,282.71,1.782
-48.628,18.053,58.06,305.73,2.031
-47.336,4.804,32.179,347.2,1.734
29.12,0.84,-2.078,319.15,2.239
-44.662,20.512,63.98,43.89,2.9
17.595,0.422,-19.425,352.44,2.692
11.7,5.749,34.623,265.68,2.203
34.353,8.998,41.677,179.91,2.596
-1.313,17.632,58.829,177.06,1.874
26.864,0.473,-6.892,185.07,1.737
-25.649,1.865,9.352,230.66,1.925
16.268,24.947,67.242,145.6,1.817
38.801,2.584,19.075,241.44,2.462
31.981,4.838,31.686,110.07,1.843
35.23,2.364,17.027,326.39,2.826
-38.566,14.33,53.638,75.38,2.965
-15.028,7.548,41.304,232.93,2.045
-13.401,15.728,58.312,142.63,1.797
-34.474,2.043,10.389,18.48,2.921
-28.222,2.853,22.902,289.63,1.709
-31.851,1.541,6.796,132.84,1.988
-37.037,1.525,6.457,28.03,2.812
-45.238,2.145,13.827,175.74,2.948
-21.997,3.935,29.996,140.59,2.829
35.485,1.594,6.419,344.2,2.128
-17.129,14.88,57.042,326.16,1.974
-5.124,8.027,41.425,334.86,1.761
-3.899,19.632,64.289,163.79,1.874
18.863,2.73,17.867,236.29,2.109
43.842,2.539,15.122,153.18,2.303
-1.267,3.388,25.303,28.55,2.85
42.964,1.862,9.048,95.57,1.91
-27.677,13.995,54.908,82.15,2.991
44.403,2.937,23.462,43.93,2.693
35.298,23.95,66.731,37.55,2.821
-34.759,2.809,21.475,208.62,2.377
-0.862,8.561,42.019,45.33,2.363
26.991,13.863,49.111,296.14,2.276
-14.234,0.439,-7.297,291.82,2.791
-41.085,19.006,62.509,10.91,2.284
11.393,10.789,44.726,274.95,1.741
-29.846,2.923,23.737,321.66,2.683
-44.652,20.587,64.132,62.22,2.612
-0.601,20.384,64.232,252.21,2.654
35.766,23.951,66.882,24.46,2.848
-19.523,2.646,21.721,168.27,2.322
-52.657,10.336,44.251,221.09,2.327
25.036,22.282,62.414,69.87,2.969
54.54,17.613,61.568,323.24,2.781
23.384,0.936,1.927,171.57,2.898
33.847,2.195,14.622,35.82,2.396
-47.938,19.454,60.793,328.22,2.419
-13.19,0.304,-15.033,270.26,1.869
43.766,1.708,7.939,134.19,1.893
-54.32,3.188,25.536,199.18,2.929
9.27,23.988,66.881,35.53,2.248
29.079,5.373,33.329,142.18,2.059
9.988,14.153,50.399,301.52,3.098
53.085,4.446,32.113,269.89,2.275
-24.781,8.084,42.798,264.48,1.729
-16.892,5.229,34.918,163.73,2.067
34.393,2.47,19.224,39.75,2.139
36.36,21.854,63.48,67.32,1.741
-16.997,1.737,7.678,74.12,2.477
-6.177,13.186,51.131,319.77,2.903
-50.059,1.23,2.646,251.73,1.796
-21.105,2.232,14.977,200.45,2.172
-25.716,11.015,48.89,346.86,2.179
4.038,3.036,20.189,214.93,2.377
-5.509,3.682,28.912,345.65,2.535
4.757,2.755,14.194,129.34,2.333
32.049,3.162,25.161,89.22,2.424
-20.737,16.715,61.61,340.04,1.797
11.904,24.628,67.345,153.61,2.547
46.026,14.588,52.706,238.53,2.829
-42.741,2.907,23.872,69.43,2.797
49.429,15.352,55.14,178.03,2.878
-16.478,2.741,22.272,73.91,2.165
-16.078,3.407,27.264,260.72,2.551
-18.78,16.039,59.838,350.31,2.176
33.877,7.928,39.502,351.71,2.437
25.117,2.811,22.224,229.53,2.131
-22.829,15.207,58.104,344.5,1.84
-41.037,1.647,7.121,310.62,2.287
27.004,4.205,29.903,98.37,2.338
18.267,0.356,-24.228,214.56,1.872
-53.674,20.387,60.99,198.48,2.965
30.143,10.353,43.813,157.62,2.129
7.16,2.698,15.973,68.16,2.506
8.25,8.476,40.843,283.93,2.563
47.305,0.77,0.213,219.66,2.454
-42.375,2.11,12.674,57.09,2.851
-47.051,1.444,4.498,40.42,2.226
28.677,23.669,64.873,218.85,2.001
-1.612,0.372,-18.458,203.39,2.816
-18.616,0.225,-15.942,186.29,2.66
-15.169,2.663,20.518,213.08,2.329
52.549,4.355,31.812,279.44,2.923
23.857,0.572,-2.74,255.97,2.611
17.153,0.443,-4.886,36.76,2.131
-43.431,2.188,14.157,160.05,2.244
40.068,10.974,45.652,286.2,2.944
-38.495,2.518,16.664,240.24,2.311
17.893,0.425,-20.094,275.93,2.296
49.317,3.751,29.48,354.48,2.5
8.403,23.23,65.839,96.4,2.941
20.262,16.454,52.693,101.12,2.526
51.213,2.793,22.203,298.3,2.887
6.714,0.328,-10.355,61.44,2.677
47.363,16.517,56.922,93.65,2.494
-7.311,0.411,-12.541,321.94,2.732
24.434,18.964,56.824,214.75,1.883
19.953,0.488,-2.742,60.08,2.912
23.067,1.255,4.712,350.47,1.818
23.308,25.689,67.918,244.42,2.518
18.468,0.397,-13.816,140.98,2.4
-53.366,1.666,7.55,314.22,2.68
34.762,17.768,56.151,39.69,3.018
-42.742,14.774,53.713,282.5,1.944
-14.789,0.497,-6.356,324.64,2.243
-37.077,1.366,5.167,284.42,2.36
-2.104,14.039,52.039,223.37,2.642
11.017,2.364,13.568,320.14,2.172
30.661,4.782,31.53,261.61,1.911
-48.947,8.099,40.525,263.02,2.726
3.522,3.041,18.058,188.54,2.698
37.904,3.753,28.358,134.38,2.244
4.401,2.632,12.548,198.27,2.348
4.357,12.11,47.919,20.92,2.307
2.549,12.225,48.308,200.54,2.845
32.985,1.314,2.891,213.62,2.099
-47.155,14.469,52.276,39.45,3.059
26.089,0.522,-5.228,286.74,2.059
-0.305,4.505,31.735,308.49,1.871
39.399,10.103,44.109,243.01,2.263
36.003,0.541,-7.553,225.6,1.735
19.066,10.614,43.82,354.2,2.549
-12.984,9.097,44.48,344.32,2.554
35.315,22.619,64.473,83.89,2.417
-10.61,15.354,56.771,97.48,2.147
-42.808,0.915,-1.751,261.9,2.911
-1.334,19.918,63.634,0.8,1.882
-11.101,2.869,19.441,22.09,2.321
44.608,21.638,66.604,350.1,1.802
-14.795,16.491,60.379,95.05,1.849
26.364,3.216,25.5,168.35,2.592
-27.832,2.92,23.912,116.01,2.623
-15.401,17.686,63.388,317.85,2.241
46.401,17.813,59.372,293.58,2.446
51.996,19.471,65.029,195.4,1.994
-8.175,3.133,24.003,97.45,1.853
-39.134,0.787,-1.758,1.35,2.63
-22.693,2.315,15.876,32.0,2.069
-52.303,2.334,14.388,165.21,2.555
29.494,0.231,-17.191,315.29,2.786
-10.467,0.361,-12.739,328.03,2.983
-40.744,9.533,44.376,34.32,2.899
-35.149,2.586,15.886,17.9,1.963
-24.389,7.137,40.572,198.99,2.29
-18.356,4.561,32.481,27.75,2.336
6.046,0.165,-14.613,69.14,2.999
36.505,1.609,6.654,298.6,2.458
-46.402,1.989,11.496,260.6,2.442
21.723,1.673,7.869,317.23,2.772
-16.502,0.24,-17.383,90.22,2.823
-40.682,6.998,39.025,262.66,2.043
2.399,3.128,19.394,347.79,2.848
-32.748,4.319,32.601,242.07,3.03
-21.73,2.224,14.756,158.9,2.811
-2.072,20.576,65.36,249.12,3.044
-17.102,13.321,53.71,296.6,2.494
-30.403,11.751,49.673,259.16,2.041
-50.078,23.143,66.888,276.14,1.803
-53.938,5.632,34.783,137.67,2.045
22.258,0.391,-14.412,258.59,2.997
30.986,6.276,35.636,260.71,2.256
13.974,2.308,13.096,244.1,2.526
30.708,2.12,13.246,106.48,2.58
-31.389,5.988,37.674,195.53,3.018
-16.734,5.541,35.968,233.27,2.061
-26.672,2.849,23.073,52.9,2.428
25.004,24.572,66.182,178.27,2.416
-25.449,1.193,2.851,23.28,2.528
33.467,18.267,56.738,239.15,2.618
-41.636,1.663,7.28,127.35,3.046
-8.848,3.086,23.424,270.41,2.292
-21.499,0.266,-16.337,132.41,3.089
-5.405,0.395,-10.076,180.32,2.852
-12.549,17.313,61.937,208.16,2.219
15.622,2.487,14.706,349.29,2.454
-4.975,12.332,49.327,33.88,3.048
-39.433,6.832,38.814,83.12,2.761
22.849,4.762,32.174,235.96,2.907
-52.309,6.894,37.761,18.33,2.668
46.867,2.767,19.65,173.56,2.713
52.745,17.426,60.631,192.63,2.697
-42.081,21.107,66.355,282.26,2.099
1.568,11.419,47.008,274.03,2.863
-34.56,2.738,18.949,122.94,2.143
-19.495,0.834,-3.084,269.56,2.916
-43.855,7.283,39.258,278.4,2.583
20.869,11.487,45.132,162.17,1.907
-4.746,0.436,-14.767,43.76,2.621
-51.371,2.728,21.836,175.11,1.733
-29.803,0.554,-12.379,15.25,1.761
-23.23,13.839,55.038,199.66,3.063
50.79,7.774,41.012,177.19,2.695
-22.459,6.632,39.246,208.15,1.717
-7.915,4.32,32.255,117.87,1.901
26.972,0.613,-4.148,27.21,2.581
-37.637,3.05,24.988,214.42,2.023
-2.525,0.384,-14.168,273.04,2.712
39.735,8.196,40.639,82.52,2.674
39.464,0.841,-0.903,30.61,2.348
10.419,9.564,42.704,134.04,2.69
27.91,18.225,55.909,30.53,2.421
44.63,0.8,0.592,149.85,2.782
50.504,2.792,22.015,64.01,2.705
-33.793,3.333,27.627,158.49,1.787
17.516,5.149,33.378,304.59,2.667
-0.956,17.022,57.486,144.44,1.783
-13.464,4.594,32.961,351.71,2.955
47.11,7.016,39.087,228.84,2.769
36.907,20.944,62.055,76.54,1.864
-23.253,5.299,35.35,287.2,2.51
8.464,23.907,66.964,180.84,2.718
5.198,13.007,49.304,146.44,2.902
-9.112,3.05,22.725,239.84,2.103
1.568,22.044,66.384,160.94,1.915
-16.65,6.646,39.119,223.56,2.053
9.856,15.992,53.328,358.14,1.741
13.226,3.66,27.797,33.0,2.14
2.943,2.244,8.722,204.89,2.469
17.895,0.431,-18.079,40.6,1.956
32.345,2.076,12.799,276.55,1.751
45.019,17.754,58.762,3.69,2.242
2.855,16.729,55.951,11.01,3.034
-31.253,0.558,-11.132,98.32,3.022
-21.258,2.344,16.846,72.29,1.838
-43.68,2.099,12.891,206.5,3.016
-13.048,16.973,61.216,39.11,2.163
19.176,14.659,49.95,297.58,1.777
41.547,8.181,40.805,6.13,2.37
52.117,2.288,13.646,71.25,2.79
-3.933,14.482,53.207,341.1,2.259
19.999,0.398,-22.553,216.31,2.445
51.791,4.544,32.558,211.24,2.967
13.799,0.769,-0.398,324.36,2.074
14.292,2.044,10.786,85.43,2.493
-27.184,2.76,21.799,302.4,2.385
25.491,13.047,47.715,159.51,2.351
-34.15,0.613,-2.218,334.51,1.899
-34.188,4.412,32.828,40.75,2.605
30.92,19.445,58.214,308.82,2.149
-30.567,3.0,24.638,327.18,3.099
-43.673,1.689,7.477,284.12,2.002
-9.184,16.243,58.427,233.07,2.744
-10.636,1.698,6.428,255.55,2.475
17.285,9.174,41.556,147.51,2.589
49.479,5.974,36.846,132.95,2.546
0.314,16.578,56.277,174.91,2.879
-13.423,2.641,17.567,92.8,2.951
21.334,2.382,13.396,288.02,1.806
44.417,17.266,57.535,16.82,2.216
19.38,0.422,-4.42,287.05,2.586
28.5,0.252,-15.839,15.74,2.054
26.495,2.704,21.109,123.08,2.3
-43.788,16.835,57.226,310.52,2.728
2.357,0.765,-3.05,325.77,2.081
6.314,17.545,56.559,145.25,2.027
7.391,8.514,40.999,38.26,2.997
-34.706,1.694,7.832,233.66,1.737
9.587,0.345,-24.501,83.94,2.521
-17.771,19.232,67.456,212.14,2.791
-43.468,1.949,10.703,59.36,2.029
36.137,10.121,43.89,230.74,2.937
32.382,1.943,10.842,321.96,2.078
-31.238,2.911,23.39,254.2,2.314
-39.435,2.293,13.875,140.52,2.863
42.29,6.028,36.362,140.46,1.76
18.792,4.095,30.107,174.63,2.434
-29.337,4.628,33.704,200.44,2.689
15.712,1.19,4.542,216.42,1.815
5.449,3.896,28.29,132.9,2.484
-50.84,5.189,33.436,331.28,2.134
54.667,7.631,41.079,254.5,1.803
18.707,22.362,62.792,349.62,2.997
21.892,0.663,-0.492,315.16,2.579
-22.968,0.367,-12.993,312.38,1.97
-13.657,0.306,-17.639,140.77,2.832
-38.203,14.349,53.734,315.34,2.237
-24.19,0.432,-11.573,216.12,2.927
46.497,2.399,13.39,27.73,2.445
-6.127,7.294,40.067,255.02,1.964
-37.387,0.555,-5.861,241.87,1.829
34.721,0.876,-2.48,37.42,1.94
29.236,19.747,58.483,72.65,1.768
-36.112,3.893,30.443,2.0,2.048
-47.771,20.609,63.0,138.43,2.901
22.955,2.016,10.408,329.44,2.848
-42.172,1.026,-0.037,47.8,1.877
-12.442,2.213,10.947,218.96,2.333
-44.688,2.595,21.089,41.21,2.469
12.617,2.817,21.476,173.05,3.044
28.513,2.523,19.062,5.46,1.899
31.241,6.922,37.162,13.93,2.479
15.409,3.35,26.358,193.11,2.403
14.899,0.488,-5.433,157.65,1.931
-12.437,17.929,63.425,64.82,2.046
-22.38,2.534,19.978,136.77,2.959
-30.898,2.954,24.118,81.36,3.01
-8.382,3.025,16.868,53.78,2.467
23.032,24.831,66.613,121.76,2.188
-17.952,11.797,50.711,172.69,3.06
-31.273,0.53,-5.606,0.19,2.318
23.981,21.617,61.28,250.54,2.074
22.161,2.698,17.931,6.2,1.797
47.124,1.025,2.83,134.88,1.928
49.833,17.7,60.331,114.68,2.338
21.866,0.429,-18.379,279.08,1.943
-16.462,2.891,23.734,74.32,2.4
-17.943,1.178,1.363,184.86,3.055
35.123,21.007,61.635,158.15,2.844
35.105,18.326,57.134,337.0,2.787
53.334,14.242,54.023,20.64,3.022
-2.563,15.907,55.707,288.21,2.961
-46.738,12.876,49.663,199.76,2.498
18.756,0.941,2.671,347.15,1.963
10.898,22.014,63.157,144.32,2.346
-45.17,16.45,56.154,340.46,2.279
9.849,0.222,-19.562,9.41,2.866
-17.52,0.914,-1.643,348.52,1.936
-26.855,1.554,6.59,144.71,2.524
51.861,19.777,65.66,141.15,2.911
6.18,2.861,18.349,120.74,2.696
-30.19,0.601,-3.17,129.57,2.452
-18.766,0.247,-19.607,212.32,2.761
-29.545,0.543,-5.988,281.81,2.451
40.722,11.445,46.502,349.77,2.035
-0.645,9.795,44.31,49.15,2.621
48.77,18.105,60.875,318.36,2.661
18.275,13.736,48.594,64.07,2.487
24.873,13.486,48.33,19.22,2.34
-39.824,18.54,62.071,243.58,2.547
-24.712,1.013,0.446,63.21,1.966
-45.353,2.599,21.168,186.93,1.79
53.32,4.183,31.03,321.6,1.823
36.101,2.264,15.012,70.34,1.711
45.001,1.34,5.344,228.86,2.652
6.18,0.18,-19.46,206.23,1.917
22.588,7.077,37.696,323.34,1.836
-50.455,12.835,48.83,112.31,2.285
-17.31,18.772,66.3,61.2,2.648
4.639,6.601,37.036,305.02,1.819
8.867,3.032,23.293,312.33,2.347
-27.49,1.926,9.729,298.86,2.372
49.763,10.21,45.565,192.39,3.007
-12.695,10.568,47.373,142.64,2.61
-19.712,2.341,16.941,189.28,2.952
30.061,2.465,18.829,70.78,1.968
-24.675,6.933,40.075,6.3,2.876
-38.668,16.967,59.112,327.33,2.112
39.583,3.027,24.478,104.7,1.891
-41.744,1.647,7.107,97.88,2.244
-15.292,4.417,32.134,309.57,1.974
-48.264,5.845,35.239,107.53,2.611
-11.016,0.389,-21.564,208.27,2.43
23.769,0.95,1.94,251.49,2.446
5.03,8.416,41.049,102.02,2.212
-23.461,0.517,-8.634,127.33,2.373
-2.025,0.748,-2.112,339.93,2.241
34.328,2.015,11.758,8.66,2.845
15.596,2.702,17.958,25.31,2.085
8.374,2.773,19.093,54.58,2.076
4.018,0.219,-12.948,131.68,2.095
-36.397,0.512,-8.467,254.17,2.67
-23.565,1.75,8.24,233.74,2.185
-50.275,1.283,3.337,8.77,3.099
-11.826,6.941,39.722,111.04,3.023
8.386,3.907,28.398,58.75,2.644
-31.326,1.621,7.345,305.67,2.024
35.209,10.325,44.177,26.98,1.964
-6.103,0.466,-18.923,357.8,2.752
5.593,17.022,55.843,231.47,2.538
-8.036,4.059,31.147,354.03,1.91
21.119,0.417,-15.578,15.02,1.872
31.93,4.787,31.521,141.67,1.955
-1.614,3.277,20.391,69.61,1.916
-5.452,16.173,57.095,0.93,2.901
49.227,11.029,46.956,50.05,2.869
36.032,23.462,66.152,91.54,2.048
21.729,0.859,1.664,265.65,2.008
11.55,21.189,61.611,54.24,2.159
16.361,0.372,-12.988,345.78,2.422
-50.654,11.21,46.067,348.06,2.175
-19.745,15.18,57.956,43.87,2.832
22.3,1.214,4.534,180.44,2.214
-54.86,3.58,27.888,297.19,2.749
-5.213,0.459,-17.299,284.67,1.952
-28.244,0.652,-3.187,336.7,2.551
11.58,7.923,39.513,244.67,1.983
11.401,17.93,56.145,7.23,2.041
-12.74,2.732,18.684,67.25,2.288
18.722,1.158,4.431,338.82,2.868
-2.997,0.411,-16.82,150.06,2.334
-43.856,6.442,37.194,119.6,2.727
25.701,2.622,19.073,282.28,1.78
30.547,1.39,4.058,114.94,3.054
-46.535,9.959,44.506,93.77,2.44
-13.127,3.43,27.575,61.0,2.648
-14.676,5.924,37.129,323.35,2.018
20.815,4.46,31.325,56.1,1.935
-23.52,18.189,65.452,258.29,1.998
37.619,20.424,61.368,323.71,2.031
-5.218,1.314,3.049,202.58,2.171
25.29,17.119,53.926,320.8,2.759
48.14,10.318,45.468,292.46,2.838
42.127,14.723,52.198,272.94,3.005
-35.632,0.522,-6.888,249.26,1.747
-32.01,1.351,5.443,113.16,2.673
-0.666,0.327,-16.061,141.66,2.901
-31.6,4.137,31.967,279.5,1.753
50.833,18.149,61.676,122.71,1.802
-5.189,4.094,31.019,356.78,2.036
-24.286,0.524,-8.645,285.79,2.028
-3.366,0.422,-16.769,225.47,1.854
52.574,18.241,62.434,293.79,2.453
-19.058,1.974,10.965,26.39,2.57
41.93,3.214,26.022,8.28,2.299
18.279,0.411,-15.109,74.64,2.61
-9.497,15.758,57.388,244.55,2.584
32.008,23.548,65.147,151.09,1.777
35.684,9.473,42.673,72.0,2.897
-14.072,0.466,-6.654,70.0,1.901
15.769,3.297,26.088,313.93,1.998
-42.633,18.152,60.109,93.09,2.505
38.586,22.967,66.309,260.29,1.848
-37.666,3.198,26.224,94.22,2.051
53.129,6.844,39.123,186.6,1.905
38.3,3.588,27.673,293.14,2.105
-35.64,18.595,64.142,53.36,2.044
-21.612,2.02,11.69,292.81,1.712
-24.053,17.776,64.445,56.17,2.643
6.741,2.87,19.753,310.17,2.366
9.505,20.73,61.225,106.22,2.076
-28.06,0.477,-18.837,132.66,2.874
11.14,0.267,-13.561,142.8,2.985
10.943,0.365,-10.345,267.08,1.939
-43.437,9.03,43.088,115.11,2.574
-21.382,9.544,46.158,258.73,2.912
-6.806,0.463,-16.873,46.01,2.325
-11.573,0.368,-23.751,306.47,2.497
14.469,0.353,-19.778,255.14,2.471
6.178,2.989,21.985,181.33,2.601
-43.895,3.895,29.016,155.77,2.419
1.263,3.526,26.372,356.1,2.421
12.047,1.758,8.478,142.08,1.994
52.09,2.926,23.925,175.12,2.865
48.613,4.979,34.142,18.53,2.334
50.0,18.611,62.449,265.85,2.51
23.49,21.499,61.082,77.84,2.243
47.355,3.792,29.758,293.0,2.8
22.943,9.509,42.044,217.53,2.639
38.257,21.105,62.823,185.88,2.802
51.895,8.213,42.046,231.92,2.691
-23.86,0.894,-1.589,183.29,2.339
39.082,2.769,22.156,8.66,1.76
-0.47,9.008,42.823,49.64,1.927
45.878,0.725,-0.169,106.63,1.734
-49.226,2.683,21.808,239.33,2.429
26.37,23.567,64.569,148.36,2.609
-33.354,8.542,43.088,349.9,2.871
37.863,22.846,65.797,258.19,1.956
6.678,1.638,5.831,358.79,2.956
-28.529,10.487,47.439,180.74,1.932
-17.775,17.888,64.207,284.99,1.709
33.361,21.867,62.647,346.17,1.803
-21.146,0.575,-7.141,286.29,2.779
-50.858,12.928,48.902,214.49,2.982
40.658,3.252,26.147,243.25,2.445
24.272,2.554,16.507,259.61,2.144
39.261,9.372,42.788,124.59,2.736
-48.342,20.237,62.12,89.77,2.563
8.901,4.006,28.837,175.39,2.521
-13.892,10.659,47.792,68.48,2.226
-8.432,3.093,23.063,257.93,2.969
-12.511,2.789,20.027,252.9,2.34
-3.083,12.646,49.643,138.45,2.018
19.116,9.348,41.8,244.57,2.635
-30.63,3.027,24.941,114.91,2.401
7.899,1.92,8.565,234.65,2.176
-35.592,0.517,-8.33,113.47,1.757
-23.298,1.689,7.56,289.54,2.26
-20.089,12.526,52.341,210.07,2.926
22.535,22.292,62.463,357.35,3.02
29.395,10.168,43.439,105.63,2.153
-53.209,14.19,50.448,329.13,1.985
13.558,0.37,-10.518,327.56,2.844
49.896,2.311,13.105,165.71,2.138
48.829,3.262,26.623,254.18,1.948
22.702,0.409,-17.3,118.24,2.713
14.128,0.898,1.45,27.48,2.336
-12.753,1.338,3.911,146.51,1.767
-14.574,2.994,24.359,141.85,2.653
39.955,1.714,7.921,278.64,2.203
42.813,1.403,5.67,84.53,2.355
36.869,5.377,33.762,310.58,1.976
-15.488,2.474,16.944,304.02,3.06
-12.191,0.339,-15.806,118.32,2.791
-36.773,2.134,11.35,258.02,1.813
-43.572,17.107,57.787,14.23,2.217
45.201,1.024,2.854,78.01,1.821
23.952,23.489,64.432,38.99,2.04
0.165,3.289,23.783,172.43,1.864
18.176,18.734,56.53,75.67,2.058
25.027,2.413,14.901,170.58,2.83
-16.259,0.914,-1.226,98.64,3.004
-36.998,2.866,23.048,160.04,1.812
-2.446,19.72,63.762,161.44,1.73
34.498,4.078,29.251,109.88,2.783
-10.171,5.264,35.37,74.43,2.457
-21.982,10.721,48.627,236.61,2.279
11.387,0.297,-21.839,358.32,2.25
-0.037,0.34,-10.928,60.15,2.129
14.122,2.393,13.892,265.0,2.288
18.536,0.6,-1.054,6.62,2.165
-44.182,11.096,46.943,241.92,2.372
19.297,10.576,43.751,55.88,3.086
0.647,0.698,-3.488,95.27,2.215
-30.446,2.96,24.206,228.14,2.603
-26.484,12.33,51.487,252.37,2.806
38.525,11.711,46.779,119.4,2.859
-15.991,6.632,39.079,352.93,2.927
-9.028,0.41,-14.352,303.02,3.035
25.012,4.648,31.591,335.35,2.344
4.393,3.549,26.418,244.22,2.344
-1.471,0.725,-2.579,158.18,2.052
48.497,0.932,1.759,74.95,2.078
-21.933,0.456,-9.572,112.23,1.996
17.333,5.328,33.877,188.67,2.511
-5.535,0.978,0.773,292.21,2.205
8.355,8.592,41.065,20.0,2.666
50.01,3.762,29.506,82.16,2.145
-53.429,3.309,26.304,266.06,2.262
41.884,2.448,14.6,138.61,2.005
-21.336,7.548,41.588,257.97,2.226
22.01,0.425,-19.754,246.51,1.873
14.64,0.521,-4.747,37.07,2.807
43.738,6.891,38.483,226.9,2.398
-32.789,2.211,11.668,259.78,2.374
-11.271,2.812,17.587,268.59,2.507
36.65,20.644,61.448,157.77,2.967
-1.461,18.799,61.34,103.16,1.793
52.291,9.519,44.718,226.9,3.075
-45.621,7.369,39.247,169.1,2.351
-10.213,7.831,41.543,254.44,2.93
-27.159,15.125,57.625,135.77,2.612
-9.99,0.666,-1.923,286.22,1.965
-1.76,19.489,62.939,6.91,2.981
36.835,2.552,19.745,118.12,2.422
7.153,0.188,-13.853,110.68,2.176
-7.41,1.541,4.834,258.72,1.986
2.814,21.85,65.435,255.6,3.09
-39.211,15.51,55.852,42.3,3.047
-41.442,18.377,61.042,239.93,1.791
49.895,20.591,66.691,233.22,2.019
4.981,11.486,46.764,145.34,2.74
24.569,1.837,9.078,204.41,2.928
-29.531,2.773,20.804,226.22,2.084
42.384,11.328,46.455,256.83,2.427
-22.679,14.405,56.299,356.99,1.95
-45.424,20.839,64.307,295.2,2.206
-18.173,8.392,43.509,52.2,2.772
-7.173,18.996,64.312,285.81,2.936
-0.602,10.396,45.391,344.68,2.451
0.835,13.809,51.215,354.97,1.858
-18.841,8.906,44.697,330.57,2.785
44.205,1.448,6.115,243.29,2.382
0.0,22.335,67.7,171.09,2.149
13.763,4.268,30.355,294.54,3.034
-2.09,0.735,-2.252,339.94,1.789
-23.598,12.826,52.864,304.67,2.109
-6.054,1.2,2.488,269.32,2.089
13.173,11.242,45.243,24.18,2.635
15.665,0.371,-15.349,64.94,2.309
-51.467,1.369,4.62,96.07,2.111
14.752,1.365,5.797,32.78,1.981
-12.193,14.576,55.437,193.58,2.452
-7.555,10.12,45.658,340.35,2.584
-43.907,1.693,7.526,289.05,1.747
-15.072,0.263,-16.624,296.8,2.143
10.181,1.375,4.896,108.94,2.265
-19.455,13.884,55.123,10.24,3.013
6.359,2.8,17.075,241.6,2.011
-27.436,1.742,8.19,225.52,2.273
20.087,19.07,56.986,297.22,3.005
-9.91,20.01,67.532,164.91,2.226
39.301,13.213,49.327,120.64,2.205
12.858,9.94,43.119,47.32,2.229
-53.338,1.912,9.649,242.97,1.889
-36.228,0.646,-2.448,232.11,2.508
-11.429,19.093,65.957,41.04,2.441
-41.921,4.532,31.801,306.84,2.46
46.174,18.348,60.454,356.38,2.83
-22.447,6.121,37.829,292.82,1.757
1.516,3.187,21.313,271.78,2.633
-10.089,4.031,30.99,313.9,2.787
-39.177,13.949,52.812,254.52,2.359
-32.293,13.038,51.988,99.2,2.644
-4.65,3.135,14.622,97.41,2.125
-1.578,6.68,38.177,159.78,2.772
-42.738,12.93,50.423,69.76,2.865
21.229,0.56,-1.749,267.09,2.54
-20.456,12.499,52.286,136.97,1.857
19.329,0.585,-1.215,27.59,2.406
23.092,16.357,52.587,359.51,2.072
39.484,2.305,13.834,180.76,2.63
-10.193,3.76,29.696,161.97,2.607
4.981,14.06,51.07,352.57,2.003
14.73,18.497,56.532,242.57,2.83
-45.14,11.034,46.698,104.9,1.838
-17.795,2.332,16.218,273.06,2.468
-3.224,10.887,46.516,104.26,2.951
54.26,2.549,19.345,308.01,2.573
-4.134,15.634,55.563,278.65,2.521
49.575,2.673,18.289,234.54,2.068
-27.314,17.422,63.461,43.46,2.549
-54.982,12.627,47.624,100.76,1.805
36.551,3.16,25.275,3.23,1.786
31.061,17.562,55.274,287.25,1.829
6.456,0.193,-20.061,132.56,2.841
19.222,12.774,47.101,34.37,2.19
5.726,21.671,63.934,44.48,2.919
32.419,22.992,64.325,138.33,2.253
52.713,14.709,54.795,210.41,1.898
-51.613,20.324,61.371,3.22,2.383
-2.565,4.931,33.704,1.7,2.657
-36.635,8.767,43.239,44.05,2.705
5.708,9.6,43.299,86.95,1.955
-40.16,16.166,56.945,66.08,2.958
-32.093,7.426,40.914,3.37,2.628
21.737,14.898,50.284,64.15,2.861
8.57,19.546,59.409,345.99,2.355
-9.236,1.795,6.732,111.56,2.657
17.663,0.453,-4.115,210.28,2.493
-14.81,0.836,-1.572,41.37,2.384
-30.98,11.976,50.03,145.32,1.794
-4.196,19.365,63.845,187.55,2.685
29.62,10.707,44.371,210.86,2.212
41.193,9.793,43.715,199.44,2.56
36.151,21.99,63.643,9.25,2.692
13.179,8.911,41.291,105.94,2.93
-7.313,0.684,-1.686,318.55,2.486
-26.587,0.418,-19.754,275.37,1.967
-28.11,2.828,22.563,198.23,2.715
-51.309,2.31,14.607,58.04,3.04
37.808,15.629,53.139,166.55,1.741
-23.836,3.698,29.029,78.49,1.751
-27.367,7.602,41.584,134.88,2.959
-27.359,3.344,27.45,256.22,2.962
11.039,0.319,-22.996,155.7,2.767
-28.827,2.27,12.666,178.05,2.839
14.45,0.34,-15.997,317.72,2.693
-18.957,0.616,-5.98,348.5,2.586
24.783,2.624,18.235,330.38,2.675
-18.071,2.835,23.4,70.21,3.098
30.087,4.511,30.667,284.03,2.96
24.164,8.253,39.884,67.94,2.928
5.524,0.282,-22.861,170.54,2.099
34.922,18.756,57.789,49.99,2.95
-4.847,0.669,-2.278,202.09,2.65
-24.857,0.701,-4.298,134.63,1.995
-40.729,3.988,29.94,240.28,2.962
44.359,18.266,59.593,292.03,2.862
-28.085,3.434,28.167,10.98,1.873
-5.369,0.409,-11.956,77.31,2.589
-47.998,1.261,2.376,28.36,2.488
-46.804,8.424,41.438,128.95,1.788
-7.729,10.293,46.004,47.28,2.535
-22.025,3.859,29.627,261.41,2.738
-16.573,0.237,-15.504,318.02,2.583
-2.891,3.573,27.577,205.48,2.924
46.408,18.573,61.037,216.67,2.87
-26.798,5.117,35.107,215.79,2.21
54.746,2.683,21.716,137.41,2.759
-41.71,13.411,51.43,12.48,2.208
-31.752,1.174,4.127,319.58,2.339
30.533,16.703,53.876,299.14,2.167
18.524,0.389,-5.903,307.27,3.043
-18.07,1.645,6.73,210.61,2.944
-33.47,7.966,41.935,56.37,2.158
9.665,4.758,31.639,47.98,2.909
-5.525,7.0,39.363,240.75,2.153
-20.254,0.393,-10.338,234.34,2.716
-43.806,17.008,57.537,44.68,2.382
-50.256,3.378,26.552,125.09,1.924
13.267,0.332,-12.363,34.9,2.829
50.594,2.197,12.124,201.85,2.714
4.841,0.847,-2.32,54.82,2.053
-21.606,1.937,10.569,226.09,1.9
39.292,12.508,48.16,227.24,1.883
7.975,0.179,-14.598,255.24,2.487
-16.618,8.315,43.202,356.79,2.271
40.695,11.514,46.617,172.47,2.233
28.995,4.676,31.272,68.68,1.748
47.758,2.43,13.806,355.72,2.775
18.703,13.452,48.146,301.19,2.602
-17.197,4.439,32.074,241.84,2.776
-44.163,22.291,67.642,80.72,1.757
-32.77,4.32,32.606,97.77,2.187
15.502,19.758,58.564,318.05,3.043
54.945,15.964,58.009,207.32,1.771
-14.938,1.584,6.0,272.46,2.403
-51.208,11.823,47.002,112.21,2.635
47.927,18.264,60.928,192.47,2.491
21.994,1.456,6.341,336.94,2.469
-51.48,22.702,65.723,15.09,2.519
-4.818,7.375,40.093,197.72,2.866
-53.174,3.878,29.074,171.19,2.787
-7.619,4.565,33.111,130.7,2.299
-42.02,3.535,27.617,234.12,1.824
-10.288,2.972,22.029,218.19,2.579
28.389,7.395,38.184,170.53,2.696
-22.432,0.461,-9.638,208.69,1.93
42.764,2.611,16.628,181.07,2.127
-30.699,12.775,51.718,131.58,2.291
-17.404,9.816,46.558,109.13,2.528
-27.9,2.65,18.603,131.1,1.815
36.454,2.686,21.771,32.3,2.127
18.06,22.902,63.772,356.65,2.38
-21.979,16.19,60.42,151.57,2.855
-37.468,16.414,58.27,243.3,2.007
-44.826,10.856,46.417,166.7,2.975
-50.42,2.245,14.087,284.64,2.765
4.445,3.338,24.91,206.66,2.21
10.267,24.428,67.363,54.47,1.903
-35.462,16.276,58.601,242.17,2.307
-4.294,0.444,-16.587,298.44,2.576
17.088,2.214,11.898,40.81,2.742
54.85,1.99,11.029,247.79,1.831
28.821,0.839,-1.927,173.64,1.756
11.449,1.67,7.66,219.81,2.155
20.243,0.931,2.555,79.8,1.966
48.724,2.749,20.021,79.72,2.798
-6.449,0.437,-21.252,224.59,2.889
2.374,6.214,36.395,146.68,2.399
1.217,0.668,-3.989,134.45,2.962
-13.941,7.191,40.414,28.82,2.836
18.523,4.998,32.979,89.65,2.318
-12.801,7.554,41.148,245.21,1.968
19.146,0.416,-15.223,224.03,3.042
32.547,12.312,47.292,216.26,1.818
10.463,5.812,34.73,332.57,2.248
-14.751,18.595,65.487,278.69,1.859
-44.02,11.469,47.644,4.34,2.269
6.476,0.235,-21.434,192.42,2.856
48.303,13.998,52.152,188.22,2.519
-18.078,12.403,51.954,108.22,2.415
49.99,20.094,65.707,208.51,3.071
30.651,0.822,-2.95,52.18,2.707
-2.392,8.308,41.685,16.13,2.361
-0.153,7.317,39.373,112.08,2.246
-32.159,0.835,1.049,203.3,2.877
-15.606,12.919,52.661,304.87,2.93
53.788,7.656,41.043,103.07,2.68
17.739,2.765,19.118,209.14,2.507
-21.118,2.057,12.252,256.56,2.55
13.517,2.955,23.188,74.83,2.393
-42.224,3.272,26.215,84.45,2.674
-44.027,8.793,42.54,256.2,2.242
5.434,13.532,50.149,218.3,2.801
51.826,10.621,46.732,244.11,1.778
-31.817,0.523,-7.926,155.66,1.738
0.35,3.231,20.342,127.48,2.961
8.049,19.702,59.787,332.09,1.922
-6.236,4.712,33.536,358.54,2.683
-10.321,0.399,-16.184,164.59,2.632
4.527,15.331,53.245,131.67,2.564
-0.08,2.685,10.647,342.99,2.353
-35.574,6.582,38.748,113.22,2.78
28.672,8.126,39.658,230.96,2.659
23.023,18.251,55.605,318.54,2.955
-49.841,8.415,41.067,302.64,2.827
4.267,20.648,62.593,357.75,2.786
36.24,5.599,34.272,334.31,2.219
11.13,8.256,40.21,261.1,2.646
-43.694,1.769,8.439,108.87,2.159
13.121,1.261,4.677,194.68,2.125
-34.744,3.222,26.684,36.42,2.574
-19.4,1.63,6.581,216.44,2.041
-9.95,12.506,50.6,2.62,1.787
-24.651,0.388,-14.897,189.24,1.917
15.583,2.999,23.737,70.94,2.271
-38.314,2.586,17.782,359.42,1.752
-14.382,1.804,7.984,84.85,2.991
-1.808,2.495,9.281,293.36,1.832
23.271,22.463,62.733,38.66,2.633
23.645,3.553,27.489,270.24,3.013
19.508,1.342,5.725,171.93,1.861
36.116,0.622,-6.042,106.84,2.626
-44.922,9.824,44.472,89.34,2.34
-31.202,0.552,-4.176,226.6,2.01
-25.556,17.256,63.124,97.68,2.724
-43.07,15.973,55.817,30.73,2.534
-39.715,1.131,2.27,108.18,2.889
-36.819,1.263,4.398,76.06,2.939
-26.583,3.197,26.359,309.18,2.912
21.091,1.764,8.536,170.5,2.199
33.748,20.662,60.7,267.58,1.877
29.381,1.736,8.109,158.14,2.531
-41.48,1.928,10.161,234.52,1.786
-46.804,19.462,61.18,276.69,1.718
-38.037,3.741,29.329,31.62,2.45
31.068,0.912,-1.872,261.17,2.107
29.395,22.781,63.481,79.13,1.989
52.407,2.625,19.595,52.17,2.087
-26.994,2.825,22.711,25.23,2.702
-24.813,11.586,50.167,272.26,2.166
25.25,2.85,22.616,26.33,2.213
-1.73,11.8,47.985,174.19,1.888
-38.795,0.579,-5.872,294.07,2.279
43.812,2.254,12.114,54.83,1.719
-28.652,8.057,42.494,112.25,2.575
-19.706,1.13,0.616,201.72,3.008
-38.021,3.3,26.832,96.71,2.63
34.224,17.909,56.29,40.63,1.86
-13.045,1.268,3.241,147.78,2.773
-48.908,1.496,5.39,158.67,2.848
-29.33,0.562,-5.424,63.96,2.509
-6.48,13.786,52.359,75.9,2.221
33.192,1.672,7.255,55.29,2.659
-52.744,13.613,49.615,169.81,2.852
-8.055,14.528,54.251,185.02,2.539
41.228,4.862,33.026,236.9,2.045
52.939,6.643,38.62,186.11,2.86
-29.172,0.846,0.498,274.0,1.741
-23.77,4.921,34.135,68.83,2.239
-44.435,2.549,20.492,121.56,2.893
4.347,0.589,-5.795,78.48,1.885
-34.489,0.522,-5.849,227.06,3.064
44.412,9.883,44.197,93.65,2.753
-26.868,0.805,-1.278,209.36,2.262
13.663,2.412,14.142,56.76,1.82
37.863,2.164,12.801,277.0,2.863
23.959,0.391,-7.233,105.52,1.865
29.971,22.643,63.31,186.09,2.652
-26.796,15.768,59.247,37.67,2.013
-14.401,0.78,-2.05,175.27,2.655
-50.916,2.496,17.9,239.94,1.816
-22.718,0.421,-10.947,145.18,2.111
48.111,1.443,6.056,88.28,2.652
36.63,2.905,23.644,303.21,2.266
10.845,2.444,14.461,122.91,2.301
-47.425,2.301,16.241,237.94,2.735
0.72,0.893,-1.284,141.14,2.552
15.468,8.753,40.901,104.96,2.305
17.845,24.106,65.785,256.08,1.965
-2.554,18.236,60.599,8.89,2.198
-11.588,0.372,-22.938,197.37,2.902
8.539,2.091,10.199,99.98,3.003
6.914,1.595,5.585,30.15,1.982
27.602,12.262,46.701,94.37,2.866
-48.809,1.169,1.533,19.83,1.861
5.858,0.332,-10.162,141.77,1.75
-35.261,1.509,6.479,187.97,2.715
-12.334,0.67,-2.606,87.73,2.623
31.527,2.221,15.021,358.35,2.875
26.177,0.313,-15.98,204.37,2.483
22.406,4.238,30.477,17.58,3.051
-52.665,4.491,31.356,69.29,1.874
-14.235,14.936,56.69,147.42,2.487
54.123,19.998,66.841,349.45,2.629
30.729,2.294,16.002,179.88,2.776
5.022,12.471,48.439,305.37,2.359
42.143,14.802,52.34,193.12,2.468
52.453,19.87,66.053,98.28,2.025
-29.193,2.928,23.883,103.96,3.058
41.995,2.199,11.901,271.1,1.807
33.036,8.158,39.929,51.6,2.725
51.74,11.047,47.517,264.53,2.352
-6.219,17.813,61.162,246.3,1.866
-49.711,3.339,26.346,104.16,1.847
-5.659,19.115,63.965,216.49,2.017
-28.198,0.511,-15.967,256.59,2.952
-23.156,1.805,8.899,340.24,2.094
-22.55,6.015,37.521,92.56,2.29
11.992,3.287,25.635,103.14,2.804
-13.58,2.99,24.18,180.72,2.269
-16.273,2.734,22.153,8.2,2.267
46.013,3.345,27.208,138.66,2.306
-20.256,0.597,-6.606,68.18,2.882
52.573,15.492,56.361,189.57,2.067
23.289,23.875,65.083,142.73,2.394
1.697,4.928,32.786,247.09,2.397
-29.168,12.043,50.463,327.14,2.133
-34.175,12.003,49.648,41.54,1.716
-39.125,5.357,35.026,75.13,1.76
36.081,20.558,61.115,212.11,2.156
17.092,3.302,26.186,250.1,1.998
-16.815,2.454,17.713,101.98,2.816
4.999,4.346,30.227,201.49,2.564
-32.169,7.792,41.681,171.29,2.038
13.067,10.454,43.989,217.75,2.396
33.933,3.855,28.353,119.7,2.518
0.101,3.332,24.416,171.65,2.49
39.604,0.976,0.893,202.73,2.824
-4.682,19.841,65.086,55.43,1.785
49.071,1.484,6.279,88.71,2.509
-32.748,13.237,52.341,282.07,2.222
0.032,18.82,60.763,35.01,2.9
-18.859,0.226,-16.918,91.03,2.488
34.93,2.135,13.369,85.1,2.905
9.789,6.359,36.131,226.33,2.593
30.232,19.155,57.656,76.68,3.076
7.697,2.934,22.017,8.65,2.278
41.882,18.254,58.705,222.58,2.81
23.208,0.396,-6.71,205.97,2.1
-14.349,7.958,42.217,350.44,2.449
-15.399,0.489,-6.768,194.93,2.754
9.209,5.296,33.267,289.5,2.112
23.342,13.359,48.028,185.94,2.193
40.292,6.545,37.256,175.18,2.976
-26.0,7.309,40.958,56.52,2.123
47.904,2.859,22.391,184.65,2.975
1.127,0.524,-6.173,358.89,2.25
-47.639,1.732,7.994,126.99,2.656
-45.368,2.076,12.761,82.89,1.933
30.048,21.136,60.832,10.32,2.916
27.034,0.307,-13.187,58.34,2.834
-33.732,2.656,16.683,54.87,2.694
14.617,2.609,16.597,161.39,2.799
-2.257,2.655,10.247,223.41,1.998
54.092,2.921,24.035,259.66,2.533
-0.669,5.12,33.929,47.72,1.711
1.707,3.534,26.394,183.32,2.737
-41.456,19.885,64.174,347.47,2.385
-12.537,2.02,9.286,295.88,2.387
34.784,1.998,11.427,224.84,1.781
-23.745,0.49,-9.443,144.6,1.805
-47.101,2.431,18.562,120.78,2.501
-19.614,1.717,7.669,178.21,2.269
47.898,2.635,16.566,256.31,2.892
-7.408,0.43,-13.92,236.99,2.921
-38.438,1.38,5.053,175.73,2.556
-32.396,2.865,22.498,296.05,2.612
13.567,5.589,34.33,57.81,2.667
-9.396,19.355,65.953,291.53,2.334
-41.236,15.384,55.163,65.26,2.618
-35.17,0.85,0.881,204.97,2.465
-23.08,2.347,16.215,193.68,2.641
-39.126,8.729,42.933,6.5,2.398
-26.346,6.567,39.158,103.26,3.087
-12.468,1.544,5.516,310.95,2.446
-7.174,10.046,45.465,22.75,1.862
-42.091,18.518,61.06,187.65,1.846
12.731,2.808,21.309,275.37,1.729
-42.004,3.341,26.597,145.92,2.997
37.452,17.03,55.421,224.5,2.503
12.991,4.366,30.605,238.53,2.336
-52.892,13.743,49.792,328.71,3.004
-11.077,15.51,57.253,88.02,1.937
33.53,1.013,-0.843,304.62,2.819
43.639,0.94,1.977,273.89,2.925
-24.437,6.698,39.472,318.39,2.293
14.506,9.884,42.887,81.22,1.844
-9.118,3.018,20.275,181.55,2.636
2.413,21.282,64.543,180.18,3.028
54.841,2.078,12.035,32.69,2.219
13.756,2.628,17.145,247.31,2.371
-53.256,2.009,10.576,249.35,2.865
-26.048,13.59,54.244,111.03,1.918
-29.446,5.345,35.987,288.2,2.958
-1.403,19.315,62.395,0.47,2.54
-13.197,4.324,31.995,20.82,2.549
45.996,3.446,27.911,292.51,2.649
-49.238,11.528,46.879,315.06,2.501
6.677,2.204,10.233,319.85,2.165
-12.684,6.846,39.513,222.21,1.86
-31.619,0.65,-1.54,10.11,1.859
-21.976,15.988,59.934,240.44,2.64
-11.859,0.334,-13.053,1.55,2.373
18.232,19.396,57.656,117.5,2.995
-33.59,3.014,24.736,65.49,2.135
-11.204,0.389,-20.401,11.37,2.627
13.07,2.356,13.591,301.3,2.009
-18.662,1.321,2.956,12.46,1.84
18.343,0.47,-3.447,230.21,2.432
-28.681,0.669,-2.549,128.09,2.537
32.603,5.563,33.828,341.7,2.061
9.83,16.919,54.814,40.67,2.73
-23.369,5.312,35.402,101.4,2.489
-39.274,12.381,49.834,186.69,2.809
35.377,2.39,17.422,31.81,1.936
49.16,2.373,13.577,161.96,2.289
21.702,1.161,4.226,282.0,2.044
46.582,2.938,23.505,152.64,1.83
14.723,0.758,-0.045,242.34,3.082
35.715,1.296,3.036,152.41,3.06
24.421,0.351,-13.729,255.8,2.855
-1.014,11.531,47.442,348.45,2.058
-38.335,0.547,-6.682,243.12,2.515
18.125,15.756,51.695,86.23,1.833
-24.472,1.625,6.992,88.35,2.841
5.99,20.628,61.966,12.35,2.884
-21.623,0.267,-16.921,55.73,2.347
-32.509,15.819,58.322,222.55,2.659
-8.657,20.009,67.085,160.7,1.711
-4.77,12.298,49.234,61.02,2.941
8.257,7.243,38.24,40.54,2.424
-34.923,2.782,20.692,72.16,3.024
-16.601,19.462,67.824,231.16,2.043
-52.118,23.208,66.426,80.54,1.837
-37.058,19.066,64.57,324.87,2.261
-17.934,18.061,64.654,30.47,3.07
20.945,13.599,48.317,314.45,2.054
-9.873,15.454,56.799,109.41,1.745
5.956,19.321,59.671,158.31,2.982
-44.271,4.587,31.636,316.9,1.713
38.588,1.798,8.638,337.88,2.0
19.556,12.167,46.178,197.15,2.197
-27.336,0.566,-6.845,104.69,2.57
24.56,6.75,36.938,151.5,2.955
-37.245,4.926,34.108,275.3,1.743
-29.735,17.414,63.123,36.99,2.41
-30.772,7.324,40.789,46.46,2.832
-22.207,5.661,36.425,307.81,2.243
-18.032,2.379,17.185,342.75,2.853
11.742,5.211,33.151,302.46,2.802
-24.874,2.39,15.903,357.43,1.982
-44.339,1.359,3.461,132.15,2.327
28.388,2.425,17.151,79.07,2.339
-30.846,1.13,3.664,182.87,2.509
34.568,1.484,5.022,49.81,1.724
8.772,21.34,62.452,56.37,2.606
41.303,2.312,13.215,178.71,2.848
1.599,21.644,65.611,170.89,2.404
16.122,2.296,12.73,7.94,2.354
23.251,2.598,16.684,168.42,2.552
35.082,0.427,-9.662,248.92,1.965
-29.499,13.371,53.206,163.08,1.705
50.971,6.48,38.147,136.11,2.933
-48.342,4.523,31.206,172.39,1.886
40.773,0.96,1.225,341.82,1.795
-2.023,0.369,-11.657,199.3,2.244
-32.245,17.645,63.098,15.02,2.271
14.649,14.894,50.762,252.25,2.025
31.258,1.876,9.864,345.56,2.909
-15.089,2.42,15.532,250.83,1.701
8.505,2.323,12.287,82.66,1.821
-30.376,6.997,40.103,99.49,2.288
36.091,2.502,19.187,216.61,2.075
24.947,5.625,34.337,49.73,2.001
20.861,0.372,-6.362,122.1,2.271
-39.148,0.796,-1.628,236.44,1.877
-46.819,2.481,19.511,315.03,3.066
10.544,2.962,22.973,273.78,2.057
-31.577,17.236,62.233,219.81,1.828
-3.559,3.773,29.068,51.57,2.666
-0.64,8.653,42.17,50.15,1.708
18.721,23.22,64.259,350.83,2.435
13.28,23.868,65.905,13.12,2.129
-18.391,12.033,51.223,229.74,2.58
-17.598,1.02,-0.387,348.17,2.851
29.65,16.487,53.431,134.21,2.154
22.029,2.896,22.639,215.42,2.384
-9.867,9.331,44.502,295.51,2.477
39.054,1.102,2.094,115.04,2.606
23.311,0.448,-5.027,304.09,2.934
-12.123,9.152,44.479,196.79,2.745
-29.45,1.126,3.409,256.47,1.92
19.189,1.073,3.774,86.03,2.528
-28.952,15.351,57.91,325.71,1.873
-38.256,2.88,23.324,310.96,1.836
39.627,20.713,62.63,257.32,1.818
18.611,2.363,13.111,295.79,2.986
54.204,11.951,49.798,231.04,2.431
12.475,6.132,35.625,184.02,2.379
-43.679,1.693,7.52,12.41,2.651
-50.459,9.651,43.361,222.6,2.354
-25.521,6.411,38.746,345.75,2.409
4.477,1.013,-0.376,70.78,2.617
-36.765,1.071,2.696,272.34,1.87
15.849,8.754,40.892,95.3,2.548
-17.729,8.567,43.886,335.61,2.927
-47.598,7.523,39.4,150.09,2.217
17.174,0.928,2.48,298.04,2.837
-31.836,6.303,38.428,341.43,2.695
-40.861,9.604,44.501,293.61,2.355
43.219,6.548,37.682,88.37,2.711
-29.95,2.548,15.468,11.25,1.925
5.838,3.927,28.41,336.46,2.073
-51.753,2.254,13.603,152.48,2.992
24.296,0.377,-20.954,130.09,2.675
31.507,23.406,64.829,351.69,2.183
24.427,23.945,65.172,264.35,1.79
12.923,3.352,26.147,345.46,2.777
-15.053,4.808,33.607,120.57,2.531
-5.875,3.208,17.152,281.24,2.649
-30.266,2.982,24.454,127.46,2.552
-27.218,10.721,48.082,47.2,1.782
-28.669,16.851,61.824,67.18,1.707
-9.328,3.082,23.716,328.35,2.28
9.462,0.233,-20.378,349.86,2.305
44.301,5.72,35.885,28.67,2.931
41.081,0.849,0.1,202.47,1.882
-14.47,19.436,67.392,285.39,2.579
17.022,5.699,34.764,96.2,2.573
-5.958,4.129,31.305,299.04,2.621
45.457,16.664,56.63,144.38,2.09
3.178,1.135,0.806,23.41,1.977
27.795,20.816,60.076,88.08,1.812
45.613,11.252,46.712,277.02,1.804
34.677,21.659,62.636,188.56,2.737
-35.209,1.361,5.387,113.12,2.551
39.372,1.194,3.12,112.09,2.606
-48.297,1.243,2.258,197.05,3.087
-28.41,3.058,25.258,6.9,2.721
3.353,20.374,62.436,216.67,2.713
-32.352,2.563,15.225,142.48,2.102
7.496,1.902,8.237,357.01,2.64
-18.775,0.256,-20.162,114.31,1.802
2.056,11.074,46.363,214.57,1.861
-17.823,0.225,-17.364,65.66,2.221
45.364,2.94,23.517,253.45,1.805
-18.986,6.434,38.594,306.56,1.726
-41.116,17.823,60.003,175.98,3.038
-7.98,17.526,61.145,244.99,1.991
-6.499,1.047,1.458,196.0,2.478
-8.12,4.387,32.5,317.0,2.066
-42.378,4.403,31.245,326.72,2.586
-20.013,2.233,15.161,37.29,2.735
40.739,4.009,29.966,281.56,2.55
-13.474,10.884,48.158,113.63,1.969
16.564,2.669,17.116,19.02,2.51
8.355,4.363,30.223,133.7,2.89
37.713,19.463,59.675,32.41,1.964
42.06,15.766,54.037,289.39,1.855
3.327,15.704,54.087,1.5,1.984
-28.171,0.783,-0.824,306.33,2.057
-30.016,15.69,58.587,169.88,2.338
12.876,19.036,57.719,188.27,2.617
32.806,0.826,-3.278,3.4,2.902
9.023,3.397,25.969,252.28,2.319
5.122,0.201,-20.055,301.96,2.228
1.801,14.544,52.362,136.25,2.88
1.121,0.332,-23.527,310.61,2.714
-43.192,20.713,65.043,180.88,2.711
-8.926,12.384,50.137,217.64,2.308
-27.415,18.957,67.23,281.92,2.193
44.86,5.628,35.702,263.04,2.839
-45.371,4.098,29.739,251.16,2.414
11.532,5.933,35.08,264.75,3.07
12.26,13.491,48.955,65.64,2.685
31.769,2.452,19.06,180.26,2.966
-12.613,0.361,-23.858,0.54,1.724
7.541,4.208,29.594,48.74,2.046
-35.504,3.459,28.269,304.56,2.374
-47.05,11.816,47.777,127.73,2.584
-15.949,13.163,53.227,329.11,2.241
-23.522,0.328,-20.655,318.78,2.171
53.825,8.009,41.846,276.24,2.271
24.257,15.353,51.108,352.8,2.156
41.479,1.126,3.131,309.32,1.804
24.14,1.23,4.285,241.02,2.406
46.296,0.823,0.935,72.99,2.428
-14.251,3.179,25.863,0.34,2.519
7.932,17.273,55.764,31.92,2.738
49.727,5.169,34.676,78.33,3.005
-11.121,15.441,57.107,44.13,2.133
26.918,20.876,60.12,96.69,2.561
-18.435,18.612,66.064,241.2,2.932
-49.054,19.099,59.823,84.94,1.914
52.003,4.004,30.424,253.34,2.997
-51.553,19.98,60.759,14.59,2.089
19.634,11.505,45.167,51.13,2.392
38.249,17.006,55.511,71.24,2.473
-0.599,0.577,-4.916,200.05,2.754
-47.087,3.29,26.105,89.74,2.251
29.17,6.239,35.567,295.52,3.049
-27.786,6.007,37.749,9.81,2.075
-33.434,2.612,15.886,7.88,2.151
-0.499,9.717,44.157,314.03,2.615
37.726,8.776,41.547,315.23,2.967
31.247,2.622,21.299,190.46,1.868
-1.466,18.37,60.428,29.04,2.664
28.389,1.825,9.112,294.17,2.813
20.507,5.509,34.329,327.61,1.921
32.533,3.529,26.939,282.65,1.977
47.444,9.224,43.406,85.49,2.824
-52.456,21.007,62.411,144.6,2.077
-34.316,16.767,60.167,80.96,3.02
25.038,2.844,22.521,98.99,2.253
19.056,3.022,24.045,240.12,2.074
-17.496,9.896,46.738,176.86,2.862
-36.893,18.847,64.146,141.41,2.056
-3.787,4.883,33.784,292.51,2.138
-3.109,0.352,-24.562,238.69,2.335
31.142,1.058,-0.042,159.24,2.977
7.491,2.154,10.255,317.22,2.152
50.81,10.499,46.299,101.51,1.961
26.341,0.329,-19.951,76.76,1.99
19.284,0.433,-20.155,220.36,2.297
-36.32,1.889,9.291,162.58,2.671
-21.042,3.345,26.9,12.05,2.258
-19.812,13.957,55.306,304.24,1.836
3.606,1.102,0.483,304.42,2.747
17.149,8.87,41.041,247.18,1.889
8.394,0.233,-21.033,183.54,2.052
-38.486,18.077,61.655,153.93,2.114
-1.549,19.344,62.522,248.07,1.774
7.837,0.323,-23.988,105.94,2.26
-34.007,14.726,55.355,85.85,2.427
7.151,0.156,-17.388,336.13,1.768
28.028,0.533,-6.172,227.82,1.996
35.827,8.251,40.343,133.11,2.477
-21.871,5.428,35.662,224.01,2.533
6.01,0.146,-15.887,276.62,2.844
19.731,2.612,15.779,221.16,2.838
-23.941,2.151,12.94,231.78,2.22
47.749,2.705,17.877,264.87,2.345
48.629,2.959,23.991,66.74,2.801
-17.435,17.899,64.19,65.33,2.643
-31.241,1.452,6.149,205.68,2.147
-47.6,16.352,55.372,18.03,2.09
1.024,0.32,-11.251,292.56,1.89
10.611,10.003,43.472,25.11,2.444
11.478,22.512,63.908,119.85,1.915
17.883,0.898,2.313,131.63,2.996
54.915,6.013,37.02,211.73,2.683
-48.939,10.743,45.561,104.52,2.017
-48.609,2.593,20.746,217.97,2.61
14.723,24.955,67.433,84.62,2.88
36.378,2.282,15.144,132.6,2.947
-0.742,5.688,35.562,180.04,2.667
33.322,23.928,66.107,113.13,2.101
-2.542,9.628,44.187,103.63,2.456
-29.216,2.918,23.713,101.12,1.994
-24.077,2.042,11.505,232.79,3.077
24.189,10.624,43.868,297.38,2.448
14.724,3.371,26.425,289.93,1.856
-20.672,2.123,13.306,121.72,2.567
49.622,3.264,26.632,284.18,1.874
52.691,16.428,58.395,30.16,2.254
35.879,0.96,-1.075,132.71,1.915
-33.267,16.924,60.919,227.82,2.46
-30.411,1.827,8.817,188.11,2.974
37.002,1.096,1.13,54.8,2.752
-6.347,15.774,56.488,267.3,2.858
-30.915,2.555,15.35,29.48,2.222
-4.318,0.688,-2.152,200.53,2.733
-27.128,3.306,27.134,18.02,2.732
-2.672,4.159,30.829,310.1,2.076
-5.642,3.188,16.002,166.36,2.797
-4.755,18.297,61.676,242.3,2.596
-22.054,0.323,-13.551,10.02,3.065
-44.983,4.902,32.626,215.41,3.033
5.137,2.679,13.669,220.72,2.698
-28.013,6.641,39.337,29.35,2.915
-28.723,0.658,-2.776,323.93,1.794
29.374,2.257,14.907,334.4,2.429
13.405,8.156,39.92,293.24,2.594
-40.311,0.626,-5.451,178.0,2.629
2.012,11.916,47.838,129.61,2.736
3.075,4.081,29.278,59.37,2.72
37.262,11.494,46.328,202.76,1.849
-54.353,9.867,43.236,259.37,2.002
54.986,8.344,42.714,57.53,1.951
-0.107,3.242,20.694,116.04,2.189
22.339,0.401,-21.587,15.61,2.154
-23.095,0.383,-12.384,290.41,1.825
-7.584,3.222,25.15,99.51,1.802
30.417,0.644,-5.371,182.22,2.342
-52.013,10.049,43.845,65.5,2.817
12.519,2.114,11.352,83.15,1.948
0.343,3.346,24.564,199.0,2.755
44.486,1.42,5.927,135.52,1.885
1.042,8.468,41.618,2.41,2.233
-17.615,13.177,53.484,119.06,2.555
-21.343,17.283,63.054,18.75,3.094
48.634,1.506,6.488,316.11,2.144
7.302,16.333,54.367,357.35,1.874
14.001,7.843,39.29,142.15,2.692
-38.629,2.359,14.342,275.6,2.249
-26.042,12.601,52.119,290.82,1.847
48.313,7.817,40.835,261.17,2.686
52.919,19.02,64.309,179.59,2.868
-21.731,0.285,-15.155,12.0,2.348
-15.535,1.562,5.787,155.87,2.394
-21.65,0.702,-5.075,316.56,1.912
-0.356,18.067,59.38,242.15,2.917
-10.929,2.356,11.292,197.93,2.394
-17.132,1.224,2.079,225.82,2.61
-11.558,11.56,49.1,306.88,2.417
9.771,0.24,-20.494,220.99,2.283
-29.841,0.532,-7.838,258.38,1.851
-16.591,3.899,29.804,74.62,2.79
10.833,1.476,5.978,59.04,1.712
-21.281,13.828,55.063,108.61,2.18
2.104,0.595,-5.288,232.23,1.731
14.695,20.332,59.658,28.64,2.455
46.277,15.656,54.833,353.72,3.075
11.76,1.173,3.531,222.75,2.938
41.139,4.325,31.231,236.2,1.837
21.964,1.987,10.088,100.84,2.214
17.883,3.541,27.608,200.73,2.86
5.768,21.264,63.182,310.64,2.378
29.934,1.943,10.641,336.01,1.97
46.585,11.676,47.601,332.08,3.058
-33.177,3.2,26.616,278.32,2.614
-11.809,0.349,-15.642,222.7,2.704
-17.403,2.205,13.871,57.78,1.84
39.906,5.128,33.582,14.03,1.889
-34.029,1.721,8.039,130.12,1.919
-19.746,2.612,21.295,55.22,2.151
-42.707,2.953,24.197,61.46,2.497
-3.139,9.171,43.399,6.61,1.72
45.004,9.939,44.364,14.93,2.177
37.091,0.889,-1.488,324.32,2.666
-20.666,0.735,-4.566,131.11,2.52
41.019,3.62,28.256,173.53,2.852
-5.012,11.636,48.07,49.65,2.451
-27.826,8.532,43.556,270.33,2.253
-50.421,13.145,49.352,139.47,2.873
7.156,3.041,22.877,82.17,2.434
-29.22,3.521,28.751,169.03,1.881
-47.95,21.106,63.868,116.1,1.796
-44.827,20.573,64.031,292.03,2.589
-10.908,8.92,43.844,106.42,2.547
29.566,2.488,18.982,226.76,2.827
24.653,3.007,24.101,177.68,2.441
-33.111,4.96,34.746,335.84,1.716
-24.641,1.254,3.221,321.62,3.021
11.392,0.26,-19.176,213.16,1.868
-3.782,16.287,56.837,338.94,2.502
-8.428,1.024,1.496,42.19,1.804
-51.572,1.356,4.517,333.57,2.427
-52.516,9.601,42.996,308.49,1.958
-49.573,7.566,39.333,258.68,2.806
-23.724,3.015,24.851,242.64,2.266
-15.409,19.262,67.159,130.19,2.822
-35.1,15.161,56.078,347.39,2.222
-6.391,18.671,63.242,350.32,2.533
-18.352,1.187,1.413,80.98,2.673
2.628,2.492,10.28,232.54,2.383
12.784,1.413,5.9,157.67,1.85
-25.7,11.897,50.701,79.67,2.473
45.451,18.151,59.755,214.06,2.855
-44.957,11.597,47.736,324.26,2.745
51.209,1.957,10.0,157.05,1.728
-34.248,13.983,53.668,214.65,2.67
-49.787,21.24,63.546,154.77,3.027
38.093,9.193,42.365,100.96,3.054
10.572,0.219,-16.823,105.7,2.609
-14.884,4.369,31.997,113.05,2.82
41.464,2.362,13.706,24.58,1.875
8.982,4.462,30.593,87.67,2.63
-29.827,9.139,44.6,296.82,2.052
-52.331,11.422,46.125,114.27,2.919
-53.433,18.371,57.412,97.21,3.007
23.99,9.803,42.529,68.67,2.164
-45.417,6.356,36.792,49.47,2.89
40.371,2.735,21.136,109.32,2.067
-18.947,3.008,24.757,6.37,2.453
-1.03,1.232,1.83,262.82,2.039
-34.591,2.763,19.861,330.48,3.005
50.643,14.768,54.31,89.31,1.965
-48.197,16.654,55.736,1.68,2.941
10.649,0.451,-8.447,5.43,2.116
-5.65,20.524,66.96,38.2,2.439
0.792,20.047,62.875,327.12,2.094
-20.669,2.56,20.576,348.47,2.079
41.454,21.003,63.967,260.41,2.488
9.154,2.921,22.287,283.46,2.56
-15.16,4.542,32.606,270.56,2.133
-50.582,12.52,48.28,103.61,2.719
-38.019,3.495,28.076,57.17,2.084
35.053,0.328,-12.091,25.76,2.123
30.771,7.875,39.21,116.88,1.805
-5.575,8.585,42.553,130.02,2.494
14.6,0.344,-14.069,330.18,2.231
-34.33,0.877,1.378,132.12,2.01
12.138,5.127,32.938,72.17,2.107
38.797,14.384,51.211,129.16,2.887
-6.846,3.193,24.297,359.61,2.538
-38.805,20.589,66.981,207.67,1.728
4.879,0.327,-24.068,352.57,2.071
13.272,0.318,-13.395,352.63,2.741
31.956,11.19,45.39,206.84,2.522
-16.285,3.03,24.8,28.85,2.58
25.0,1.742,8.276,124.58,2.383
-25.557,3.363,27.371,21.62,2.541
46.356,1.861,9.037,304.78,2.63
-28.838,2.68,18.607,190.94,2.815
-10.806,2.882,19.075,101.05,1.864
27.853,0.268,-15.486,209.04,1.847
-51.285,12.877,48.728,35.55,2.102
-19.167,1.982,11.107,0.89,2.356
25.138,0.463,-5.848,305.35,2.136
18.161,2.449,13.886,250.16,2.502
-28.616,2.855,22.829,337.27,3.001
-14.455,5.873,36.993,42.92,2.257
0.626,3.585,26.83,52.25,2.576
2.144,10.427,45.197,300.65,2.944
1.665,21.495,65.297,81.23,1.718
-10.729,8.022,42.01,177.83,2.745
-34.296,4.535,33.256,221.63,2.141
-27.299,0.464,-17.484,153.43,2.389
-8.442,7.322,40.326,88.01,2.498
4.878,0.16,-15.807,99.23,2.702
32.657,2.495,19.846,315.13,3.079
32.489,19.745,58.95,115.7,2.309
46.276,5.582,35.716,169.01,2.273
0.19,4.553,31.821,52.07,2.45
-32.45,1.096,3.483,143.56,2.946
14.278,19.809,58.813,302.12,2.656
-6.517,4.394,32.431,351.77,3.067
15.21,4.272,30.51,329.09,1.868
52.808,2.591,19.104,52.12,1.966
4.801,0.16,-16.436,204.5,1.863
10.28,2.108,10.985,101.42,3.033
32.008,6.23,35.524,131.4,2.655
-32.882,0.77,0.305,207.03,1.779
-43.786,4.283,30.581,278.59,1.802
-13.536,0.357,-24.019,196.7,1.864
-29.835,18.888,66.739,251.93,2.639
-33.817,0.57,-12.96,311.4,1.766
37.203,2.204,13.55,83.22,2.26
39.777,23.589,67.895,224.46,1.787
-19.39,0.338,-23.427,253.54,3.079
39.954,13.88,50.486,188.39,2.737
-1.727,8.616,42.214,98.73,1.76
18.302,19.469,57.776,94.94,2.668
24.861,1.314,4.835,351.67,2.118
27.882,2.349,15.576,76.1,2.355
-14.523,0.284,-17.862,230.23,2.511
-37.42,1.673,7.612,240.43,2.076
-42.494,10.341,45.748,323.35,2.621
22.698,1.04,3.036,254.87,2.097
-53.878,12.19,47.101,332.6,1.98
-11.886,0.368,-22.76,297.03,2.878
-45.764,2.498,19.932,35.09,2.313
-11.427,0.367,-23.801,232.77,2.339
-12.338,17.832,63.167,238.7,2.693
-26.767,0.51,-10.384,98.6,1.812
-15.87,15.434,58.096,107.31,2.387
-43.988,2.044,12.16,18.9,1.753
-54.08,11.179,45.437,307.45,2.996
-7.078,0.515,-4.036,12.06,2.725
-47.431,2.742,22.528,182.25,2.485
-25.683,1.737,8.127,142.97,1.996
19.454,3.978,29.636,227.26,2.581
2.208,20.79,63.706,240.48,2.532
42.936,18.874,60.325,260.96,2.34
48.544,3.091,25.244,228.65,2.955
6.943,22.363,64.759,305.92,1.929
33.361,2.263,15.772,33.06,2.661
45.997,5.332,35.02,45.36,2.348
-40.733,3.768,28.944,93.75,2.935
-37.085,2.367,13.778,118.6,1.728
-9.091,7.565,40.87,351.44,2.472
-23.976,5.455,35.927,189.96,2.224
-39.439,0.873,-0.694,298.78,3.061
-2.587,20.32,65.077,268.28,2.478
41.04,15.875,54.046,326.53,2.875
24.761,24.786,66.512,81.0,2.379
-48.343,2.091,12.703,8.26,3.054
18.133,3.239,25.818,102.62,2.008
28.716,0.364,-10.01,241.64,2.748
-30.134,4.166,32.051,67.74,1.948
47.664,2.868,22.505,329.62,2.004
23.693,4.0,29.463,176.93,2.9
2.835,8.421,41.313,220.65,2.463
43.851,2.815,21.397,90.66,1.927
52.055,19.45,65.001,309.04,2.028
49.362,2.059,10.696,343.5,1.902
-12.17,0.492,-5.341,178.09,2.91
-9.936,0.489,-4.69,334.01,2.145
11.48,0.262,-19.159,59.02,2.145
29.741,1.916,10.256,129.24,2.608
-16.676,3.311,26.699,113.69,2.995
-39.506,0.703,-3.411,135.38,1.843
38.853,5.892,35.463,345.3,2.174
12.103,2.708,19.217,93.62,2.367
-11.394,9.66,45.368,16.43,1.959
40.016,1.136,2.801,145.17,3.028
20.387,12.203,46.217,255.98,2.67
-0.366,18.901,61.08,2.94,2.997
-38.256,3.559,28.363,87.38,2.745
-29.043,17.977,64.67,140.18,2.179
34.704,7.379,38.408,51.35,2.128
-33.757,16.221,58.987,234.73,2.114
20.367,2.874,22.189,119.19,2.359
19.027,0.501,-2.651,217.06,2.772
22.32,0.967,2.513,272.38,1.861
-42.407,2.979,24.365,329.69,2.204
21.023,2.871,22.225,336.39,2.23
-40.445,3.591,28.151,164.13,2.795
-51.593,23.057,66.318,9.77,2.519
11.575,20.073,59.693,220.66,2.989
39.979,11.746,46.941,76.61,1.986
23.981,1.24,4.398,252.69,2.402
-32.97,9.482,44.953,62.21,2.208
-3.328,5.096,34.351,204.9,2.393
-46.465,2.191,14.602,259.1,2.339
-32.401,3.176,26.445,323.55,2.973
49.938,9.973,45.151,104.95,3.021
8.792,0.244,-12.753,283.65,2.854
8.12,20.011,60.301,267.97,2.918
26.424,22.244,62.377,98.28,3.019
12.657,0.3,-19.562,147.55,2.452
-33.735,2.805,20.93,290.63,2.459
-32.854,0.518,-7.373,266.53,2.054
-20.617,2.009,11.609,120.56,2.27
-18.548,0.257,-20.226,130.34,2.06
32.981,3.163,25.186,213.96,1.714
51.042,20.257,66.405,158.93,2.448
27.56,3.547,27.137,242.04,3.081
-23.867,0.355,-15.09,333.11,2.881
-41.393,19.725,63.869,58.19,2.543
-4.83,10.73,46.414,300.65,2.765
-49.848,2.741,22.279,249.89,2.166
-51.12,2.511,18.038,328.79,1.822
-52.599,2.413,15.375,113.66,2.172
37.587,21.724,63.699,308.48,1.739
-30.429,0.556,-11.658,222.51,2.863
-8.871,2.988,17.015,1.92,2.338
-22.895,1.687,7.528,25.47,2.712
17.755,0.429,-4.879,33.01,1.867
-49.729,4.911,32.538,216.51,2.292
11.727,1.422,5.753,280.85,1.753
-12.853,17.529,62.532,322.83,1.884
-45.466,1.115,0.316,145.6,1.953
47.972,19.632,63.977,24.22,2.008
37.307,22.025,64.127,26.71,2.349
21.166,0.597,-1.239,12.27,2.325
-27.82,4.762,34.065,165.61,2.157
3.141,3.306,24.451,24.89,2.832
5.473,1.592,5.045,127.38,2.794
15.55,13.59,48.628,248.6,1.771
25.203,2.151,11.906,72.28,2.637
49.043,2.429,14.116,182.11,3.029
32.14,4.341,30.088,124.53,2.557
-12.496,10.598,47.397,312.72,2.084
23.154,0.366,-23.581,170.55,2.286
21.054,1.748,8.418,24.41,2.408
44.106,6.991,38.731,32.49,2.887
7.083,2.808,18.257,212.92,3.099
-7.795,18.658,63.791,109.79,1.813
-44.665,3.394,26.685,42.69,2.012
-22.189,2.698,22.203,348.3,2.894
-13.475,1.166,2.288,53.03,2.316
29.51,10.407,43.86,350.69,2.363
-42.865,4.294,30.762,273.97,2.603
-13.962,0.346,-22.933,215.04,2.05
-30.471,0.562,-4.195,229.0,1.895
-43.387,15.522,54.938,307.85,2.818
-42.096,19.736,63.559,272.14,2.998
4.472,0.182,-14.322,109.94,1.73
-18.304,0.228,-15.543,138.91,2.042
-41.583,3.393,26.936,84.03,2.523
12.559,5.229,33.267,239.87,2.198
35.087,1.523,5.555,229.57,3.093
13.727,4.62,31.551,73.34,1.723
-25.34,0.509,-9.514,89.86,1.889
15.04,18.246,56.062,169.37,2.46
29.696,23.469,64.646,36.93,2.228
-27.334,4.395,32.642,231.9,2.679
1.767,0.782,-2.739,2.12,2.109
-45.679,2.291,16.316,136.7,2.179
38.973,23.237,66.943,291.63,1.926
-24.881,2.707,21.749,250.94,2.103
12.936,6.989,37.571,144.38,2.399
-33.241,0.517,-7.31,232.1,2.082
16.427,5.103,33.2,101.38,2.603
-28.267,19.281,67.892,164.33,2.431
45.067,1.471,6.296,54.48,1.845
25.366,13.096,47.779,341.41,1.718
3.273,2.73,12.652,212.71,2.629
-18.675,4.557,32.465,312.58,1.833
17.983,1.836,9.113,223.54,2.948
-9.392,0.677,-1.769,68.39,2.655
49.921,2.309,13.088,39.9,2.927
-27.315,13.848,54.624,179.25,2.961
-9.782,5.166,35.078,26.19,2.464
-13.422,3.107,25.21,306.24,1.754
-40.541,19.149,63.067,162.91,2.616
-23.237,15.163,57.996,109.49,2.614
-50.208,9.766,43.604,195.87,2.012
-16.263,2.855,23.357,220.17,1.791
24.718,2.961,23.674,277.7,2.602
25.321,0.638,-2.699,332.27,2.24
35.767,17.631,56.098,134.91,1.852
-5.679,3.3,25.588,353.83,1.91
-51.832,2.529,17.857,160.79,2.311
-45.729,2.562,20.746,354.82,2.55
25.433,0.676,-2.128,268.0,1.739
-53.631,5.11,33.358,125.18,1.934
51.402,2.839,22.779,343.69,2.462
35.419,24.44,67.586,139.51,2.576
-32.035,2.44,13.747,320.26,2.477
19.481,4.389,31.122,226.2,2.958
53.242,11.683,49.067,103.37,2.819
6.309,1.809,7.003,54.41,2.696
10.526,16.807,54.501,148.29,1.916
-17.228,3.145,25.664,140.27,2.65
-19.317,3.405,27.207,318.13,1.926
11.76,2.286,12.907,308.33,1.962
34.309,0.894,-2.335,97.11,2.564
25.651,2.443,15.631,290.93,3.007
21.022,2.487,14.419,340.47,3.024
-31.142,3.086,25.605,211.09,2.252
-15.961,0.258,-18.663,135.69,2.234
-17.574,8.432,43.557,233.38,3.088
14.419,0.353,-20.481,66.79,3.06
6.791,5.556,34.089,13.7,2.061
-49.28,4.398,30.804,175.02,2.027
50.233,16.883,58.642,246.51,3.078
-35.702,0.519,-7.381,65.39,2.826
39.128,1.334,4.424,123.64,2.179
-49.881,1.262,2.952,199.99,2.476
-13.418,16.2,59.428,4.7,2.05
49.9,16.109,56.862,118.37,2.407
-33.339,0.517,-6.807,161.84,2.518
-40.207,7.383,39.999,111.58,1.889
-35.654,7.166,40.065,119.24,2.337
11.917,6.83,37.214,194.58,2.931
-1.721,2.566,9.699,135.12,2.92
25.273,15.548,51.497,70.08,2.277
-13.51,0.704,-2.651,212.16,2.332
-29.558,2.85,22.545,81.61,2.61
16.411,19.132,57.383,329.16,2.541
20.193,12.998,47.409,159.4,2.246
-45.289,20.709,64.107,103.91,1.724
-28.03,0.483,-18.268,33.32,2.324
-27.001,15.035,57.428,222.68,2.74
29.697,1.88,9.821,293.36,2.814
-29.574,0.733,-0.889,82.32,3.002
-21.419,2.23,14.908,227.03,2.534
8.858,17.432,55.835,9.91,2.257
10.482,13.311,48.97,91.34,2.821
2.374,0.809,-2.511,108.84,2.041
0.368,7.767,40.274,323.52,2.509
-37.476,17.738,61.305,339.02,2.708
-52.51,12.257,47.47,319.05,1.843
8.331,6.88,37.397,231.33,2.728
-1.63,4.379,31.546,61.63,2.283
38.083,1.405,4.854,340.66,1.834
42.282,11.448,46.644,305.04,2.188
12.847,13.26,48.5,19.42,1.754
45.831,20.084,64.061,239.37,2.356
10.725,0.384,-9.875,268.87,2.271
42.559,4.091,30.598,144.79,3.061
26.19,24.069,65.377,258.34,2.691
-37.431,1.149,3.242,178.38,1.807
-22.105,0.474,-9.258,6.31,3.051
27.066,1.159,2.671,354.85,1.879
44.113,2.852,22.205,110.79,2.298
18.642,15.842,51.8,135.31,2.284
-10.413,3.031,23.53,317.66,2.981
-37.606,1.9,9.461,100.02,1.841
-21.375,5.715,36.547,72.79,1.789
43.451,2.771,20.321,56.39,1.983
42.12,1.41,5.662,252.1,2.158
30.98,22.813,63.755,51.35,1.741
31.601,8.33,40.178,160.33,2.718
11.112,0.42,-9.017,192.94,2.594
-35.841,0.682,-1.577,55.07,1.975
-0.654,13.864,51.509,301.04,2.846
-42.235,2.33,15.938,145.18,2.349
-9.56,19.497,66.307,186.88,2.818
-21.182,0.624,-6.262,238.79,2.074
-33.007,1.225,4.505,42.85,2.785
2.336,11.613,47.274,10.31,2.654
40.427,6.232,36.552,342.23,2.712
48.653,15.942,56.107,216.13,2.501
0.378,19.08,61.136,29.19,2.432
28.757,8.872,41.082,350.77,2.151
-38.707,1.683,7.628,269.77,2.097
-5.087,0.446,-15.414,318.08,2.052
10.834,6.757,37.038,33.42,1.86
18.273,0.43,-19.686,135.3,2.167
-33.575,12.31,50.332,211.15,2.973
-48.09,1.436,4.499,96.14,2.538
3.139,0.198,-17.386,220.38,2.824
-27.169,0.514,-10.74,118.73,2.584
-45.519,21.2,64.966,232.68,2.432
43.128,12.503,48.523,264.61,2.97
-52.559,1.977,10.341,193.36,2.639
-30.497,1.313,5.065,32.27,2.864
16.025,2.36,13.318,185.23,2.198
47.176,3.423,27.769,60.39,2.192
52.888,3.682,28.81,18.62,2.622
34.077,17.607,55.778,75.0,2.544
-5.858,0.468,-17.494,142.34,2.941
22.32,14.026,48.983,347.57,1.769
-19.765,13.67,54.696,285.36,2.985
38.207,23.285,66.693,58.87,2.589
-23.885,8.21,43.116,153.61,2.635
22.542,1.094,3.526,307.31,1.95
51.263,2.615,18.309,113.46,2.638
-7.282,13.569,52.099,23.45,2.596
13.472,24.669,67.15,79.56,2.128
35.165,2.689,22.021,41.07,2.292
-39.267,0.652,-4.309,253.8,2.766
-30.055,9.618,45.519,200.55,1.926
-13.511,1.143,2.095,29.58,2.272
42.517,10.171,44.495,26.3,2.553
-0.766,18.713,60.855,311.99,1.987
-31.922,17.325,62.377,193.06,2.618
-28.602,1.804,8.689,98.7,2.997
-11.766,0.362,-17.163,83.56,2.788
-1.137,8.322,41.572,328.53,1.959
24.312,8.957,41.115,66.28,2.505
22.434,0.372,-7.211,17.03,2.285
12.028,1.423,5.854,213.31,2.162
-52.183,2.342,14.576,301.14,1.877
-3.34,11.379,47.405,116.03,2.338
51.568,19.334,64.585,202.04,2.24
29.97,6.358,35.832,107.17,2.158
19.42,9.989,42.819,34.25,2.128
8.105,4.602,31.039,22.07,3.062
-33.798,2.759,19.28,354.18,1.867
1.032,19.715,62.128,285.5,2.28
15.127,15.436,51.536,55.5,2.58
36.094,1.961,10.745,291.97,2.392
2.276,13.422,50.376,334.15,2.097
37.89,2.418,16.485,135.37,2.726
0.163,16.81,56.766,252.89,1.812
44.045,3.525,28.197,216.36,2.612
-9.906,0.416,-20.451,269.21,1.774
9.56,1.239,3.404,328.13,2.398
-23.089,0.306,-17.983,139.06,1.879
-28.459,17.661,63.965,289.06,1.945
6.715,0.765,-3.431,228.01,2.763
18.75,9.345,41.806,215.01,3.097
10.244,2.718,19.073,304.55,2.83
-41.065,1.788,8.584,75.47,3.043
-44.555,1.109,0.332,205.71,2.226
15.329,1.257,4.993,290.45,1.888
-4.251,0.446,-17.293,197.24,2.893
10.592,17.65,55.843,319.84,3.098
-3.643,9.094,43.306,325.96,2.119
7.703,2.232,11.067,247.77,1.862
4.225,15.224,53.125,178.75,2.885
-18.79,17.588,63.581,324.13,2.472
41.2,1.404,5.446,142.33,2.837
29.486,18.95,57.239,282.91,1.799
-18.397,2.48,19.116,221.54,2.629
-14.778,3.778,29.373,11.66,1.727
36.867,17.251,55.674,256.51,2.152
-14.138,0.488,-6.226,233.67,2.261
-26.229,9.322,45.357,178.7,2.618
10.46,4.249,29.953,116.81,2.37
-32.48,0.575,-12.767,253.75,2.856
-25.359,14.298,55.891,304.68,2.2
-0.759,0.335,-13.098,159.98,1.809
-7.775,11.579,48.387,248.58,2.629
-33.167,0.895,1.678,222.86,2.963
54.218,2.873,23.581,261.23,1.723
-23.338,3.564,28.296,222.48,3.021
34.136,0.916,-2.083,72.01,2.785
29.491,2.177,13.733,304.43,1.948
33.63,1.782,8.647,280.57,2.321
-38.918,4.141,30.933,156.89,1.903
-49.089,20.443,62.283,172.26,1.842
6.109,22.206,64.754,207.78,1.902
-48.052,10.081,44.504,298.45,3.068
45.026,2.99,24.169,321.72,2.051
54.724,13.835,53.58,250.48,2.53
-10.921,13.674,53.191,95.89,2.174
27.057,10.799,44.321,128.87,2.476
-3.519,3.687,28.53,56.02,2.532
-18.68,3.471,27.58,55.6,2.231
20.299,0.44,-18.964,275.64,2.461
-14.715,0.741,-2.7,144.08,1.842
-52.453,4.611,31.762,327.53,2.725
-49.669,1.282,3.131,283.74,2.252
-8.193,10.67,46.769,5.74,2.463
54.845,13.326,52.609,263.48,1.75
17.122,0.414,-17.876,93.48,1.742
-6.046,15.972,56.843,260.45,2.488
47.053,21.726,67.805,165.24,1.871
16.275,2.426,13.89,151.95,2.681
40.673,3.542,27.809,268.42,2.836
-53.922,2.73,20.7,142.15,1.939
-16.888,14.012,55.137,81.16,2.597
-38.075,3.938,30.263,129.48,2.355
12.942,17.685,55.475,9.91,1.929
-10.935,0.356,-13.471,252.2,2.649
33.62,1.221,1.769,36.11,2.367
20.204,7.73,38.981,289.47,2.004
-20.021,12.915,53.143,90.69,2.281
-12.129,2.407,12.657,204.66,2.221
-20.18,1.543,5.591,275.86,2.162
41.24,1.704,7.865,60.95,2.269
14.784,23.748,65.501,196.84,2.644
-22.127,1.468,4.913,3.31,3.077
-32.681,2.949,24.014,46.67,2.647
45.293,0.905,1.807,205.01,2.814
-2.312,1.11,1.126,72.32,2.032
-37.425,1.271,4.335,47.52,2.36
17.214,3.243,25.8,58.56,1.945
-51.309,22.109,64.714,72.67,1.72
28.735,0.348,-10.583,107.06,2.001
45.741,0.954,2.289,242.21,3.093
-43.2,20.272,64.144,103.89,2.619
12.852,3.495,26.902,271.16,1.815
36.002,6.752,37.118,3.11,2.008
38.735,2.088,11.591,256.69,2.526
-30.412,0.863,1.065,6.18,3.002
-7.204,0.458,-16.23,229.16,1.713
31.992,11.21,45.427,158.17,2.856
-7.24,13.273,51.51,208.09,1.922
19.103,6.461,36.514,348.04,1.791
-10.433,15.547,57.167,336.19,1.78
17.833,0.927,2.558,158.14,2.423
-36.407,3.758,29.769,336.02,2.801
-39.41,3.907,29.846,229.02,2.815
-2.296,19.517,63.253,260.45,2.743
-2.142,3.26,21.619,218.9,2.76
29.028,0.393,-9.453,211.84,1.74
22.643,24.05,65.392,179.22,2.01
9.415,2.678,17.594,152.73,2.373
-43.116,15.61,55.159,30.17,1.864
30.327,1.397,4.17,62.8,3.007
26.971,3.839,28.475,123.36,2.035
9.803,5.66,34.321,188.21,2.233
-21.257,0.365,-24.244,133.82,2.279
18.303,0.406,-14.625,186.26,2.175
2.604,1.006,-0.412,349.09,1.965
-21.947,2.865,23.749,102.71,2.41
-27.147,13.084,52.978,222.36,1.946
-20.712,0.621,-6.268,36.47,1.851
42.353,0.56,-4.728,195.43,2.068
-41.559,8.467,42.162,169.33,2.427
-19.332,2.148,13.614,272.89,2.834
-18.425,6.844,39.71,225.41,2.125
29.675,24.474,66.282,294.56,1.957
12.008,0.675,-3.346,26.24,2.591
20.741,1.224,4.806,0.22,1.802
-27.645,2.098,11.271,330.92,2.012
31.375,5.082,32.428,14.04,2.156
47.746,1.523,6.638,339.99,1.961
32.581,1.786,8.701,27.95,3.067
-24.879,7.914,42.408,129.87,2.805
-15.026,14.864,56.679,271.35,3.022
19.086,2.753,18.573,348.82,1.848
-25.863,4.265,31.953,72.49,1.901
-19.476,0.23,-18.012,307.57,2.761
15.744,5.59,34.46,50.79,2.854
-30.222,1.452,6.097,243.48,2.682
-54.373,2.854,22.57,359.86,1.784
-24.617,1.548,6.216,342.06,2.89
34.674,0.379,-10.631,181.71,2.5
-34.861,9.809,45.399,299.63,2.238
-19.549,15.923,59.641,16.75,2.786
-15.626,1.908,9.32,335.11,2.908
-27.149,8.454,43.451,320.69,2.951
-14.685,13.962,54.659,129.9,2.037
51.771,2.789,22.287,242.4,2.562
-21.228,2.872,23.814,162.7,2.064
8.576,5.84,34.783,147.62,2.98
-24.509,2.728,22.159,300.52,2.721
-52.309,2.732,21.509,84.03,1.805
-12.629,18.757,65.452,53.68,1.887
40.283,18.236,58.18,69.98,2.244
53.356,2.508,17.806,46.03,2.527
-24.692,15.94,59.815,245.33,2.005
18.615,4.783,32.378,22.81,2.713
-5.066,3.883,30.058,81.98,2.945
52.329,5.635,35.985,141.13,3.098
47.261,1.889,9.258,210.18,1.939
-50.892,14.724,51.837,327.8,1.703
-12.86,9.746,45.779,42.45,2.712
22.983,7.165,37.864,327.6,1.948
43.474,9.972,44.248,220.03,2.469
5.88,23.418,66.975,297.2,1.951
-8.187,0.602,-2.656,246.81,2.22
23.259,0.722,-0.315,276.63,2.533
8.191,1.897,8.498,135.2,2.214
-8.224,2.92,14.75,56.53,2.108
-17.456,0.237,-18.474,285.05,2.559
46.729,21.251,66.777,4.72,1.775
14.422,0.347,-18.394,150.29,2.795
-27.123,0.54,-8.113,187.49,2.764
-25.589,9.998,46.824,254.27,2.885
18.041,0.371,-23.541,297.66,1.934
33.941,8.001,39.662,200.88,1.733
18.764,2.108,11.022,105.44,2.932
-44.857,3.795,28.531,335.14,2.756
-21.7,5.968,37.327,203.77,2.273
-16.215,2.041,11.079,300.73,1.802
37.849,8.893,41.786,210.85,1.758
35.235,16.012,53.427,126.14,1.825
6.703,15.599,53.294,254.85,1.972
0.821,0.345,-24.488,160.31,3.043
30.869,15.369,51.877,333.49,2.885
-20.293,9.946,47.015,250.34,1.765
11.392,5.004,32.525,300.61,2.924
-7.482,0.455,-15.986,155.64,2.923
-26.377,0.793,-1.719,118.93,1.781
16.771,0.705,0.053,88.06,2.747
38.868,2.333,14.543,193.59,1.998
-52.35,20.221,60.999,247.5,2.091
4.065,22.04,65.24,298.96,1.956
42.071,1.437,5.872,154.34,2.946
-5.421,0.459,-16.644,58.42,1.969
28.744,16.192,52.868,287.27,2.774
-52.531,10.22,44.072,169.72,2.234
33.392,23.565,65.521,276.46,2.585
30.195,0.216,-16.615,208.86,2.718
50.825,4.935,33.959,108.9,1.807
27.51,1.237,3.296,254.59,2.273
48.525,6.929,39.014,104.08,2.288
-11.051,7.827,41.614,210.04,2.08
13.733,0.619,-3.179,339.32,1.906
-40.196,14.109,52.943,91.63,1.963
-43.802,5.073,33.3,327.35,1.815
-20.721,0.329,-23.022,86.88,2.482
-13.813,5.224,35.08,278.8,2.115
1.002,18.137,59.03,174.28,1.827
-4.602,19.57,64.475,171.85,2.051
13.723,19.837,58.941,139.57,2.478
31.189,2.384,17.698,317.32,2.93
-25.126,5.734,36.857,1.77,3.078
-18.004,8.362,43.431,96.92,2.579
-22.386,1.594,6.41,304.46,2.799
9.859,0.198,-16.727,295.49,2.224
-43.345,1.206,1.823,284.95,2.816
-36.432,4.947,34.311,293.27,2.252
-36.685,1.19,3.822,269.84,2.278
30.631,2.208,14.586,254.66,2.986
18.291,14.574,49.864,26.89,2.64
36.28,2.497,19.003,53.26,2.003
51.133,20.775,67.498,42.33,2.304
-37.906,19.325,64.735,118.43,2.403
9.518,20.313,60.505,98.11,3.078
-18.506,1.05,-0.212,335.16,2.239
4.284,20.988,63.218,130.35,3.005
-12.277,1.134,2.251,308.4,1.724
-13.138,2.67,17.711,243.98,2.465
49.176,21.318,67.865,152.03,3.056
40.123,14.107,50.886,243.54,2.312
-30.878,10.48,47.112,146.55,2.999
14.166,2.962,23.277,324.48,2.22
33.81,7.903,39.444,154.29,3.082
15.219,5.717,34.732,323.32,1.99
-17.3,2.335,15.923,299.69,2.581
18.048,0.35,-24.457,232.04,2.757
38.087,7.394,38.814,267.03,1.887
9.407,11.074,45.471,46.08,2.23
51.687,2.619,18.813,195.63,1.785
29.905,2.908,23.631,64.28,2.376
-19.5,19.183,67.548,118.17,2.484
-52.971,11.581,46.279,329.71,1.84
17.865,0.416,-15.793,43.77,2.847
28.172,1.112,1.663,1.53,1.896
20.021,0.514,-2.202,217.6,2.933
-49.551,15.651,53.697,39.2,2.813
20.373,2.742,18.322,316.68,1.71
-19.711,0.337,-23.376,101.83,2.013
10.397,19.632,59.168,216.89,2.588
5.653,3.041,22.32,355.02,2.805
-21.312,1.124,0.684,263.95,2.367
20.467,22.976,63.73,86.52,1.893
-54.335,16.813,54.513,269.98,2.872
5.193,18.385,58.253,20.45,2.902
-7.769,13.457,51.981,28.41,2.835
8.62,0.21,-20.092,300.96,2.41
52.677,2.844,23.039,49.83,2.494
40.638,10.894,45.562,152.64,2.919
-17.542,0.334,-23.269,234.18,3.064
-39.014,6.02,36.874,70.35,2.96
-37.004,0.637,-3.154,355.48,2.867
19.901,4.661,32.047,299.53,2.391
-19.144,1.392,3.773,161.02,2.916
49.29,3.903,30.218,278.75,1.978
41.832,12.491,48.351,278.81,1.765
-3.937,1.123,1.559,202.86,2.156
1.074,6.883,38.238,340.27,1.981
-12.37,1.451,4.81,317.28,2.884
13.749,0.323,-14.227,344.23,1.82
-17.251,8.242,43.085,78.44,2.095
-30.035,15.989,59.351,351.73,1.941
2.64,0.271,-21.4,59.61,2.101
-50.609,3.217,25.684,227.07,3.06
-26.745,5.132,35.149,69.21,2.676
50.73,3.671,28.959,131.66,2.506
-21.066,3.943,29.975,276.46,2.709
0.898,5.336,34.252,214.97,2.966
27.507,9.093,41.441,252.76,2.52
-19.104,0.271,-20.799,122.79,1.946
52.262,2.152,12.132,327.74,1.712
-12.226,0.36,-19.235,341.08,2.968
-39.832,15.574,55.834,33.4,2.726
11.114,0.798,-1.567,14.41,2.704
54.792,2.194,13.613,197.88,1.832
15.297,3.477,27.062,82.64,2.339
-31.709,10.894,47.797,105.8,2.618
7.332,4.573,30.937,113.96,1.812
-8.459,6.12,37.606,86.69,2.807
-19.963,10.337,47.844,110.94,1.997
20.083,15.501,51.206,22.36,2.87
-15.808,1.92,9.525,218.2,2.223
-27.817,0.603,-4.886,352.01,1.804
40.875,0.962,1.291,102.21,2.826
35.447,4.502,30.849,40.67,2.776
-42.19,12.669,50.031,15.66,3.099
42.196,3.469,27.627,72.48,3.082
-25.832,12.481,51.895,112.74,2.871
10.393,1.643,7.195,248.13,2.479
-43.425,0.773,-3.988,133.25,1.807
43.958,8.995,42.569,170.1,1.914
-50.182,2.019,11.285,171.72,2.215
-29.859,3.345,27.743,187.94,2.021
-52.625,22.659,65.35,87.67,2.442
-26.811,3.647,29.158,187.9,3.073
39.174,3.096,24.997,263.38,2.546
9.923,1.071,1.737,171.33,2.256
23.637,3.449,26.941,173.72,2.695
35.767,19.46,59.151,105.7,1.991
-5.677,19.736,65.332,358.11,2.969
37.27,2.498,18.356,102.43,2.996
52.038,2.19,12.481,105.77,2.65
9.696,24.628,67.834,114.78,2.315
-23.028,0.387,-12.094,116.4,2.298
23.897,1.815,8.854,97.91,1.864
13.79,3.932,29.037,84.2,2.809
1.496,3.188,21.329,173.76,2.993
49.089,1.197,4.037,286.64,2.702
-30.503,1.841,8.922,203.38,2.169
-14.51,16.61,60.62,6.94,1.714
-5.516,4.838,33.893,1.94,2.451
37.125,2.047,11.536,271.65,1.89
17.193,0.434,-5.159,108.8,1.859
40.653,9.468,43.084,331.34,2.162
-2.554,17.435,58.872,171.23,2.821
28.023,2.178,13.184,327.65,3.035
52.157,7.074,39.588,109.43,2.983
32.913,2.009,11.774,228.39,2.909
21.282,3.009,23.991,307.18,2.135
39.451,8.624,41.423,68.45,2.151
15.042,22.396,63.194,278.64,1.892
-21.862,2.171,13.885,187.01,1.756
-12.977,0.349,-20.599,162.13,2.82
-33.602,10.144,46.153,52.09,1.711
-8.447,3.098,23.309,331.9,2.71
-11.567,0.367,-23.76,14.97,2.679
8.394,2.658,16.502,134.1,2.647
17.496,17.221,54.081,137.4,1.906
-3.156,18.204,60.766,83.91,1.947
33.303,17.756,55.896,92.91,2.556
48.81,18.336,61.406,120.21,2.905
25.19,2.137,11.785,204.36,2.245
4.755,0.275,-22.509,20.23,2.17
48.23,2.311,12.735,11.85,1.786
-37.905,5.678,36.182,19.73,2.503
-20.673,0.794,-3.696,99.6,2.245
-54.048,16.7,54.381,194.33,2.289
38.66,1.739,8.118,27.3,3.09
-29.805,6.904,39.922,129.85,2.019
28.249,2.608,20.421,85.3,2.929
0.416,3.405,25.296,267.99,2.13
48.362,19.493,63.817,318.99,1.851
49.305,10.526,46.054,85.44,2.103
-39.983,12.65,50.258,149.87,1.827
40.822,22.359,66.215,174.78,2.668
17.059,9.267,41.727,184.03,3.098
18.855,0.777,1.116,37.1,2.67
8.879,16.839,54.873,228.22,1.792
-1.034,2.384,8.7,46.89,2.817
-36.225,0.518,-10.826,97.21,2.436
32.438,1.33,3.079,35.48,1.806
26.165,24.887,66.674,333.65,2.68
24.083,15.66,51.562,89.32,2.549
-29.691,15.756,58.811,146.86,2.219
46.155,2.731,18.043,275.69,2.001
47.061,8.783,42.546,98.23,3.035
-0.51,17.389,58.086,209.72,2.256
-30.149,0.565,-4.262,327.83,2.571
-52.838,2.639,19.466,30.87,2.634
27.287,11.871,46.06,312.99,1.72
24.684,0.366,-21.584,294.42,2.308
-16.787,1.712,7.358,73.96,2.257
-31.084,2.882,22.866,12.3,2.02
47.488,2.983,24.17,278.51,2.875
30.042,0.857,-2.302,10.29,2.921
30.95,0.577,-6.525,349.23,2.457
-53.56,4.268,30.651,295.55,1.978
29.448,4.772,31.549,41.19,2.279
31.161,4.901,31.903,337.33,2.134
16.487,19.593,58.161,344.83,2.786
46.856,1.728,8.092,246.26,2.981
22.759,4.285,30.606,22.19,2.349
-41.153,0.872,-1.642,93.92,1.886
21.17,15.267,50.847,47.91,2.419
38.757,1.713,7.882,249.47,2.981
26.923,2.4,15.754,275.68,1.808
35.424,7.3,38.31,291.05,2.516
-30.146,2.735,19.229,19.2,2.918
-5.411,5.193,34.917,18.1,3.054
-7.047,11.109,47.4,23.9,2.929
51.601,8.166,41.914,84.44,2.275
-29.235,0.539,-7.569,276.05,2.441
-29.578,1.519,6.564,139.2,2.054
15.031,25.105,67.632,337.85,2.888
-32.043,2.475,14.11,270.02,2.311
-49.001,1.636,7.0,27.52,3.047
-23.483,0.592,-6.967,158.36,1.998
-13.042,0.347,-20.512,270.52,2.328
-52.514,22.026,64.248,67.36,1.911
12.409,8.484,40.557,195.23,2.829
19.034,25.443,67.765,38.23,2.199
16.963,15.44,51.318,353.42,1.842
-19.257,1.578,5.971,334.36,2.45
-16.961,1.874,9.231,175.1,2.631
-33.527,8.621,43.227,40.07,2.913
12.121,19.088,57.925,326.38,1.959
5.279,20.23,61.481,216.62,2.622
39.24,0.777,-1.956,21.89,1.829
4.917,0.919,-1.405,12.88,2.664
39.355,2.466,16.235,275.22,2.337
42.202,9.083,42.546,212.12,1.801
-26.604,15.069,57.557,39.94,1.787
20.405,0.655,-0.254,69.72,2.338
32.258,0.937,-1.802,334.55,2.963
0.56,9.73,44.083,63.63,1.785
10.792,12.839,48.171,58.44,1.759
21.818,10.886,44.212,194.3,2.204
-45.503,2.241,15.442,36.09,2.923
15.488,1.315,5.457,174.54,2.523
50.205,2.186,11.91,56.22,2.444
6.656,3.712,27.392,357.08,2.665
-33.326,0.749,0.066,193.11,2.009
-53.629,7.829,39.628,331.76,2.904
-37.461,4.628,33.056,328.28,1.937
33.115,8.784,41.165,58.39,2.838
31.451,10.144,43.557,191.06,1.988
9.823,6.252,35.862,173.77,1.779
34.887,1.457,4.748,127.23,1.857
9.208,2.706,18.023,275.27,1.863
-5.615,0.421,-12.795,204.4,2.901
-37.123,2.258,12.626,281.76,2.361
-31.422,11.159,48.357,43.87,2.865
20.771,9.76,42.44,146.07,2.514
-13.481,10.176,46.739,24.07,1.883
-47.509,5.293,33.697,210.87,2.722
-9.838,2.048,8.57,239.78,2.56
-25.181,0.372,-19.446,75.46,1.851
-42.283,2.43,17.729,232.12,2.45
-25.529,9.578,45.961,302.49,2.036
-10.31,6.404,38.382,42.27,2.643
22.76,12.504,46.713,250.55,2.4
-12.099,0.983,0.906,251.76,1.71
40.312,16.398,54.851,84.19,3.022
-43.997,2.059,12.393,89.17,2.206
-37.994,1.478,6.008,221.71,2.197
-8.378,0.42,-21.816,199.75,2.754
-33.296,2.02,10.174,147.56,2.151
-24.167,0.708,-4.501,171.56,2.405
-34.823,2.725,18.676,353.93,2.644
-14.624,12.55,51.717,191.1,2.743
47.203,3.2,26.217,292.53,3.0
24.951,3.553,27.371,243.45,2.336
26.242,8.139,39.658,318.96,3.044
-3.351,16.324,56.772,127.22,1.858
50.292,19.881,65.351,135.99,2.736
-43.668,2.531,20.157,226.07,1.966
-16.838,1.27,2.617,260.32,2.347
-48.551,2.31,16.0,229.36,2.674
0.942,10.593,45.607,79.24,1.872
41.55,7.562,39.599,308.13,1.821
41.6,18.538,59.181,225.01,2.854
-18.397,5.764,36.613,142.81,1.846
34.128,14.58,51.042,30.61,2.204
1.089,0.591,-5.144,44.64,2.88
23.359,23.892,65.108,161.2,2.434
1.226,9.808,44.163,181.13,2.929
-20.662,0.428,-9.72,353.49,2.962
-52.805,6.163,36.089,201.93,1.978
-7.318,0.389,-23.392,183.81,2.642
6.604,8.418,40.881,221.34,2.197
24.09,0.38,-17.402,156.44,2.605
20.81,0.352,-9.395,213.8,2.978
-19.081,15.851,59.435,57.22,2.086
-47.099,1.076,-0.071,236.53,2.751
-6.31,0.437,-21.292,199.67,3.061
-38.478,1.237,3.778,62.55,2.694
-40.901,2.32,15.025,49.32,2.764
-10.926,3.605,28.762,276.66,3.006
38.072,14.713,51.664,332.16,1.969
-48.725,18.062,58.05,259.67,2.152
11.235,2.652,17.72,222.04,3.073
-5.036,12.993,50.562,237.57,2.893
3.743,3.283,24.372,56.96,1.838
27.816,0.273,-14.858,21.95,2.542
25.217,1.12,3.0,171.17,2.994
-26.893,17.511,63.718,225.14,2.454
-0.406,14.978,53.475,247.4,2.841
-12.184,2.887,22.181,129.92,2.759
-19.88,0.372,-24.562,3.36,2.88
-30.755,2.865,22.633,345.56,2.034
1.621,14.537,52.376,84.31,1.761
-43.024,1.173,1.511,232.07,1.759
-21.604,7.129,40.537,170.31,1.957
1.551,16.229,55.349,267.72,1.733
-24.204,1.827,9.058,79.36,2.957
-39.879,11.007,47.239,201.31,2.395
20.939,15.102,50.594,312.09,2.445
-12.395,19.497,67.086,211.67,3.029
-19.383,1.066,-0.114,155.54,1.986
5.7,0.905,-1.596,198.73,2.649
-14.274,19.529,67.572,354.16,2.713
-17.457,2.196,13.757,10.1,2.746
-16.077,2.663,21.085,296.41,1.778
-16.816,8.595,43.87,6.04,2.459
22.642,3.296,26.162,353.6,2.521
-52.471,12.27,47.498,228.8,3.049
-43.703,4.379,30.946,82.14,2.915
36.349,16.62,54.561,2.06,1.785
-34.494,0.615,-2.327,240.35,2.785
26.498,0.307,-15.402,41.83,1.823
-26.149,4.372,32.402,224.57,1.772
5.176,0.159,-17.143,176.32,1.952
15.07,2.49,14.854,182.87,2.617
-31.28,0.611,-2.436,79.47,2.586
42.479,15.893,54.372,240.72,1.974
-50.088,2.827,22.982,265.54,2.1
17.886,2.018,10.379,143.57,1.721
-17.888,1.463,4.628,254.33,2.252
2.714,21.474,64.767,271.25,2.562
23.158,0.361,-8.961,269.91,2.533
-48.929,5.126,33.183,14.28,2.657
-36.463,5.272,35.269,53.95,3.004
51.479,9.167,43.897,175.14,2.334
-16.608,1.027,0.007,81.41,2.537
13.464,0.323,-19.318,26.62,2.024
16.141,1.73,8.45,261.98,2.661
14.977,4.469,31.162,172.07,2.513
3.164,3.627,26.882,219.93,1.816
8.546,16.942,55.107,304.14,2.031
41.468,2.862,22.755,13.47,2.29
5.596,3.697,27.263,66.04,2.467
-8.115,3.086,20.139,237.93,2.675
-31.722,2.809,21.022,256.4,1.878
-27.579,6.987,40.183,345.26,2.563
-37.535,2.273,12.913,313.52,2.349
37.425,2.057,11.566,40.21,2.79
-28.811,2.754,20.724,142.28,2.918
16.771,0.407,-6.68,4.49,2.363
14.859,9.176,41.677,261.36,2.051
52.742,2.496,17.126,162.94,1.837
-19.646,4.83,33.489,157.3,3.072
-40.644,1.458,5.295,24.5,2.612
32.133,0.306,-11.689,222.41,2.806
-15.134,15.682,58.542,155.01,2.917
-4.431,18.943,63.002,153.15,2.574
-11.35,4.409,32.467,274.79,1.857
-47.508,4.013,29.321,43.86,3.082
45.91,15.939,55.292,318.46,1.749
-16.834,2.388,16.542,212.6,2.898
-1.137,1.289,2.245,57.68,1.81
-47.993,18.247,58.583,357.61,2.642
8.902,1.925,8.985,46.61,1.786
29.135,2.864,23.206,89.56,2.699
32.307,3.342,26.114,69.45,1.939
27.52,1.718,7.97,343.13,2.129
-49.207,3.19,25.515,118.18,1.892
47.393,2.525,14.909,57.94,1.959
40.772,3.544,27.835,306.98,2.308
-41.065,4.071,30.213,154.66,2.53
41.882,0.871,0.696,245.03,1.714
-37.26,0.522,-7.485,117.55,3.042
33.672,3.17,25.234,163.11,2.413
-48.289,13.174,49.859,84.0,2.619
1.18,3.196,19.374,273.68,1.758
10.445,0.226,-18.651,36.71,1.944
9.321,0.196,-15.26,212.21,2.393
39.558,2.86,23.004,75.47,3.026
6.957,3.355,25.393,18.15,2.477
28.987,6.578,36.376,35.05,3.091
-0.127,2.791,11.394,76.33,1.964
-26.918,5.363,35.896,51.82,3.037
30.893,0.216,-15.528,329.07,2.464
-9.074,0.523,-3.901,187.46,1.978
-39.752,1.863,9.299,244.88,2.008
18.052,10.384,43.486,100.6,2.02
-49.84,6.139,36.009,296.69,2.19
-16.814,2.631,20.939,309.88,1.747
4.939,10.345,44.756,133.35,2.646
-48.406,1.696,7.626,318.76,2.386
-48.655,1.528,5.69,270.08,2.621
12.519,3.463,26.695,233.73,2.675
45.803,2.678,17.0,32.12,1.737
22.392,4.246,30.506,129.16,2.511
39.138,23.181,66.917,272.16,1.913
-17.22,0.657,-4.874,268.7,2.747
-27.914,11.165,48.882,56.33,1.749
53.965,2.938,24.154,191.36,2.272
-19.645,0.294,-21.854,52.94,2.032
9.199,1.977,9.512,97.61,2.148
27.952,21.35,60.969,269.31,2.747
39.661,2.892,23.318,40.59,2.793
45.336,14.424,52.251,202.76,1.856
-19.523,17.737,64.026,130.99,2.189
-23.034,0.59,-7.06,279.6,2.102
6.383,11.695,46.951,158.61,2.475
-13.214,2.838,22.128,57.66,2.941
48.402,15.424,54.977,202.28,1.972
-4.321,5.648,36.073,192.16,2.291
45.159,2.513,14.636,322.46,2.274
41.654,19.261,60.618,188.94,2.898
-31.423,2.44,13.835,341.31,2.729
-46.018,2.137,13.791,344.46,2.976
37.438,21.942,64.027,122.17,1.828
52.134,6.643,38.575,97.78,2.964
23.725,5.939,35.181,152.43,2.385
7.005,22.842,65.589,233.73,2.223
-11.171,5.778,36.778,298.97,2.339
26.413,0.319,-18.789,92.84,2.625
16.719,1.239,4.968,26.45,1.765
-24.366,4.705,33.414,351.78,2.806
-14.066,0.4,-8.074,20.29,2.954
-52.996,17.496,55.982,36.24,1.995
33.77,2.216,14.977,55.53,2.643
52.716,5.361,35.161,308.5,2.332
-13.594,2.994,24.233,344.64,2.129
35.724,7.008,37.688,36.04,1.966
36.704,4.419,30.748,166.94,2.17
-38.375,6.198,37.444,356.98,2.432
-41.652,9.9,44.993,137.14,2.613
-13.553,2.772,21.143,197.04,1.779
-47.03,11.198,46.696,54.35,2.495
30.478,1.088,0.497,314.45,2.891
11.841,22.928,64.545,84.76,1.869
14.354,19.422,58.137,349.53,3.069
51.341,15.349,55.703,318.15,2.445
-48.812,6.799,37.655,24.28,2.144
36.695,9.839,43.419,73.3,2.016
30.251,22.333,62.841,64.63,2.649
33.61,1.466,4.736,16.46,1.813
0.601,18.707,60.301,97.98,2.177
6.033,13.527,50.058,41.39,1.969
24.05,0.944,1.767,148.02,2.311
28.271,0.26,-15.33,352.53,2.326
49.915,2.846,22.589,244.32,2.908
52.217,6.835,39.031,200.81,2.475
51.504,6.069,37.133,335.93,2.741
-51.714,14.55,51.36,313.1,2.587
30.765,2.213,14.705,94.11,2.476
28.3,6.005,35.018,278.92,2.237
2.57,3.122,20.145,58.26,2.925
-24.751,6.375,38.625,255.03,3.013
1.174,18.786,60.243,103.45,2.362
-19.887,2.391,17.85,266.58,2.785
48.643,9.357,43.813,357.98,2.126
24.406,19.473,57.666,28.85,1.706
15.01,0.351,-24.209,119.56,2.17
20.159,21.219,60.706,155.93,1.998
14.498,18.75,56.989,83.46,2.526
37.619,5.019,32.823,278.22,2.469
51.704,16.083,57.363,204.7,2.106
-0.791,5.035,33.669,52.42,2.43
-25.379,7.005,40.254,33.83,2.731
-29.884,8.637,43.586,6.26,3.08
-19.085,1.149,0.891,214.15,2.707
-52.534,3.246,25.927,80.84,2.229
-13.962,2.674,19.386,297.65,2.995
-42.432,21.385,66.734,144.18,2.239
-34.286,0.947,2.129,131.66,3.093
46.647,13.382,50.64,25.76,2.465
33.202,2.42,18.5,272.51,2.303
-18.563,0.237,-18.853,62.35,3.025
36.369,7.398,38.616,42.23,2.155
-21.157,0.377,-11.194,172.75,1.793
-13.699,2.759,21.019,244.44,2.157
-5.083,3.171,15.416,13.78,2.081
42.995,0.572,-3.834,274.37,2.254
19.834,0.38,-5.753,316.99,2.33
-44.373,5.347,34.098,96.53,2.947
18.183,1.728,8.375,196.44,2.351
36.876,13.66,49.845,213.58,3.068
-13.41,1.396,4.328,320.45,2.787
-7.004,0.484,-4.776,224.02,2.274
23.901,0.612,-2.073,114.57,2.09
27.094,0.915,-0.036,47.1,2.419
-14.886,8.037,42.43,228.21,2.431
-6.332,15.713,56.346,168.25,2.384
-41.309,2.978,24.38,224.47,2.596
40.747,3.037,24.596,247.75,2.59
-6.648,5.325,35.416,152.8,2.651
-14.867,8.677,43.848,62.95,2.58
-3.443,4.048,30.504,345.64,1.881
-53.797,14.834,51.36,169.74,2.652
-18.374,0.353,-24.036,308.28,1.911
-26.495,2.245,13.15,82.61,2.462
-47.766,19.15,60.288,83.32,2.377
53.099,12.977,51.495,67.47,2.46
17.816,5.228,33.615,217.62,2.77
-41.405,4.803,32.834,212.24,2.138
-27.176,3.993,30.929,284.14,2.267
16.684,0.386,-22.159,228.86,2.448
39.124,23.629,67.678,36.21,2.426
-12.634,2.272,11.585,182.6,2.203
-1.195,13.92,51.688,208.88,2.617
25.556,1.502,6.235,258.4,2.878
34.851,7.542,38.769,309.32,1.783
-13.563,0.555,-4.841,90.71,2.806
-40.977,3.69,28.541,18.12,2.587
38.069,2.093,11.855,0.28,2.448
-22.406,1.076,0.335,166.84,2.292
-11.029,17.558,62.164,83.89,2.163
29.028,1.359,4.08,228.1,1.824
46.896,15.75,55.2,206.46,2.423
43.362,13.156,49.666,330.59,2.267
-31.111,1.183,4.132,22.77,2.327
54.251,9.609,45.239,104.76,2.538
10.128,2.56,15.891,354.29,2.652
-10.436,3.459,27.888,244.71,2.086
-10.496,5.038,34.673,243.21,2.157
33.572,7.5,38.57,54.15,1.978
28.666,5.243,32.988,326.86,2.278
32.485,2.678,22.042,282.78,1.906
-16.649,0.234,-16.403,91.02,2.173
26.121,0.32,-17.05,219.62,2.001
11.148,0.98,1.13,115.16,2.511
-0.502,7.471,39.762,4.98,2.008
-35.118,10.668,47.005,140.75,2.733
-46.174,2.988,24.38,227.25,2.128
-51.977,8.663,41.335,75.66,2.384
-2.777,4.408,31.944,158.66,2.115
35.593,14.263,50.693,189.37,2.338
-52.905,10.595,44.657,109.44,2.119
-21.001,5.261,35.056,22.13,2.325
-23.756,1.721,7.898,206.26,1.87
-19.403,13.373,54.042,76.61,1.734
-41.613,10.119,45.416,308.99,2.64
2.187,15.512,53.968,61.25,2.689
9.954,12.461,47.701,115.31,1.773
-54.344,2.685,19.361,5.42,2.345
3.835,6.296,36.381,277.88,2.533
38.801,14.971,52.176,213.99,2.747
-14.158,2.946,23.878,351.62,2.295
-10.971,3.119,24.977,315.59,3.002
-39.419,19.38,64.103,157.77,2.086
39.393,8.769,41.697,307.32,2.899
35.603,1.796,8.772,297.56,2.927
26.795,7.415,38.246,147.01,1.803
-38.756,2.771,22.101,264.81,3.008
-47.403,11.881,47.827,337.1,2.799
5.926,2.166,9.542,276.16,2.116
-6.171,3.452,27.38,313.5,2.53
-44.035,1.813,9.029,233.35,2.269
35.567,0.582,-6.784,286.36,2.959
13.936,1.942,9.996,194.03,2.702
54.482,1.745,8.196,175.31,2.944
-24.223,1.872,9.553,154.74,2.149
-5.598,5.6,36.098,138.28,2.49
-5.432,18.256,61.881,96.63,2.726
-48.731,16.055,54.583,87.19,2.311
40.378,7.737,39.818,237.4,2.128
-16.074,1.674,6.954,130.3,2.39
-8.378,8.26,42.236,186.56,2.387
16.354,2.638,16.607,211.05,2.736
-27.474,3.504,28.466,281.36,1.733
-0.798,0.349,-23.185,146.24,2.495
-9.6,0.418,-20.77,35.35,2.996
33.241,19.822,59.218,304.35,2.913
-0.429,13.759,51.293,241.75,2.326
-24.222,4.021,30.623,196.95,1.87
-8.848,5.864,36.966,244.63,1.822
49.206,4.026,30.727,86.86,2.614
11.658,5.538,34.088,285.71,2.501
44.887,2.889,22.753,152.06,2.537
37.557,1.915,9.954,298.29,2.449
48.81,3.121,25.531,253.87,1.842
27.495,2.329,15.056,169.2,3.074
5.597,0.991,-0.519,149.29,1.835
-35.372,1.85,8.964,49.32,2.806
-6.225,5.258,35.198,280.75,2.696
35.238,1.172,1.459,53.89,2.62
28.15,2.619,20.555,220.66,2.673
14.637,0.348,-17.098,176.79,1.919
-42.979,17.223,58.185,269.22,2.623
-5.613,3.975,30.551,41.15,2.509
42.895,2.941,23.6,303.12,2.442
12.206,12.19,46.907,153.66,2.317
43.193,0.926,1.702,265.03,3.071
30.426,2.442,18.485,202.16,1.759
24.764,17.475,54.444,17.48,2.283
10.987,18.14,56.572,194.01,2.058
-35.074,10.281,46.278,204.54,1.845
-22.715,7.052,40.356,124.52,2.164
33.766,3.799,28.14,357.77,2.025
28.295,6.301,35.748,29.07,2.492
14.906,14.783,50.553,289.25,2.73
3.206,0.281,-22.145,331.36,2.028
-34.084,6.429,38.553,322.31,1.743
23.634,7.239,37.992,130.92,2.101
-53.588,16.896,54.822,146.94,1.837
-33.4,14.491,54.957,356.03,2.91
48.39,1.864,9.1,181.78,2.487
40.614,1.103,2.642,69.58,2.493
-46.52,16.532,55.95,3.11,2.411
-44.108,19.443,62.096,195.54,2.482
5.323,0.211,-20.527,279.15,2.588
33.495,0.58,-6.825,127.1,2.861
-24.829,13.463,54.098,320.42,2.652
20.228,2.849,21.694,119.26,2.725
6.482,9.288,42.617,274.38,2.69
-3.766,8.219,41.659,346.77,2.477
11.156,1.683,7.7,275.92,1.74
-3.201,0.421,-17.899,129.34,1.77
-31.749,14.072,54.333,22.63,2.252
-22.577,0.924,-1.625,100.96,2.761
-24.495,18.097,65.251,284.32,2.493
23.834,2.421,14.4,191.84,2.457
-32.309,1.611,7.278,180.12,2.027
-53.485,2.845,22.589,64.01,2.531
-52.535,22.49,65.07,65.21,2.932
-24.486,0.538,-8.243,112.12,2.735
-16.57,3.167,25.814,189.51,2.049
49.607,1.331,5.029,165.08,2.783
23.214,0.365,-12.886,37.33,2.96
3.712,2.686,12.546,45.93,2.043
-7.994,0.457,-19.15,249.26,2.661
13.667,3.679,27.957,21.65,2.576
29.582,2.405,17.472,200.89,2.94
-53.13,2.353,14.218,44.01,2.01
51.572,2.735,21.274,28.56,2.141
-34.754,0.531,-10.098,136.95,2.925
22.185,0.423,-19.032,101.83,2.901
43.714,12.179,48.035,212.79,1.945
21.888,17.777,54.805,348.09,2.912
45.658,21.218,66.265,241.23,1.946
-26.178,2.661,20.336,221.92,2.513
31.906,1.583,6.16,37.6,2.355
-50.494,2.497,18.235,177.76,2.974
26.808,3.557,27.233,86.84,1.718
30.646,0.342,-10.784,57.75,2.727
20.372,8.877,40.987,78.77,1.743
30.377,16.544,53.612,185.7,3.06
16.19,0.371,-12.778,328.72,2.052
-47.625,9.504,43.481,115.38,2.016
-12.349,0.7,-2.192,54.65,1.759
0.948,1.054,0.2,1.97,1.793
-9.674,9.72,45.218,138.67,3.073
34.62,4.308,30.116,306.69,2.055
33.345,19.176,58.172,95.79,2.903
44.342,20.652,64.57,65.2,2.975
15.464,2.816,21.183,132.35,1.801
-18.934,5.225,34.87,82.38,1.879
-0.729,0.615,-4.215,204.76,1.713
-22.098,7.843,42.313,185.49,2.696
-37.226,14.612,54.454,114.2,3.026
38.067,2.149,12.538,301.88,2.996
0.86,0.986,-0.408,281.53,2.649
27.642,2.956,23.871,354.49,2.214
3.716,22.314,65.896,249.05,1.856
13.528,17.706,55.41,88.18,2.64
4.228,14.499,51.922,320.64,2.196
-16.738,3.007,24.672,285.27,2.886
37.774,1.095,1.445,152.84,2.531
31.677,6.937,37.202,140.67,2.203
26.282,0.854,-0.316,133.64,2.835
-44.133,11.124,47.0,171.88,1.789
-36.245,1.779,8.456,76.68,2.185
13.542,5.101,32.979,276.54,2.958
30.404,5.753,34.31,110.64,2.668
13.318,2.749,20.071,221.39,2.751
-43.881,6.018,36.084,81.97,1.92
-26.033,1.966,10.269,193.62,2.024
-5.808,11.319,47.6,63.98,2.276
-22.002,0.287,-20.159,57.64,1.858
16.845,1.46,6.572,229.74,3.003
29.097,0.317,-11.493,257.03,2.721
-30.133,5.712,36.983,201.31,1.71
14.296,0.337,-14.36,229.82,2.987
13.601,0.317,-17.055,144.21,2.313
-4.043,7.839,40.935,82.78,2.245
24.385,16.388,52.712,182.77,2.534
-19.877,5.105,34.472,6.24,2.364
25.484,0.343,-18.516,30.68,2.491
15.322,0.501,-4.625,211.43,1.921
51.326,15.838,56.724,303.73,1.972
39.963,11.724,46.903,10.02,2.921
8.104,14.929,51.971,19.5,3.031
-49.392,2.89,23.571,168.77,2.467
8.752,0.216,-13.613,291.75,2.755
44.739,16.428,55.932,309.93,3.09
48.348,14.488,53.111,346.78,2.518
-39.079,10.634,46.612,123.08,1.857
9.331,0.254,-12.719,115.73,1.747
-22.116,0.339,-22.967,264.86,2.416
-2.395,0.389,-15.832,128.78,2.757
-47.991,1.782,8.633,27.39,3.067
37.493,3.792,28.471,2.1,2.602
-46.593,21.778,65.639,255.14,2.002
48.552,7.361,39.943,210.1,2.606
-5.253,3.221,20.497,142.65,2.382
-9.938,8.347,42.576,356.51,2.212
-7.722,16.561,58.727,123.62,2.375
-45.567,2.196,14.707,48.86,1.811
23.816,8.442,40.22,113.78,1.703
-16.844,1.0,-0.393,122.33,2.925
-41.041,2.279,14.487,1.7,2.571
-41.814,1.542,5.994,295.83,3.037
19.008,0.886,2.218,19.52,1.944
0.244,3.235,20.328,124.6,1.926
31.112,5.37,33.254,83.8,2.529
24.517,8.079,39.557,92.06,2.82
40.691,2.465,15.413,194.05,2.009
-34.314,15.793,57.774,272.87,1.729
-6.696,11.104,47.334,203.5,2.787
41.864,10.56,45.094,153.5,1.81
5.253,16.598,55.203,102.7,3.002
-6.647,15.38,55.702,112.15,3.034
44.932,4.382,32.037,322.27,2.26
-32.209,2.526,14.751,302.65,2.559
-22.413,16.069,60.134,52.77,2.125
28.113,3.064,24.567,233.2,1.968
-23.901,4.033,30.634,106.95,2.792
-22.541,2.233,14.632,334.31,2.224
45.473,16.62,56.542,214.56,2.095
-24.879,0.361,-21.188,258.65,1.915
49.25,19.762,64.723,64.83,2.576
11.317,1.051,2.11,201.82,2.425
46.896,10.203,45.083,312.54,2.375
-31.93,2.096,10.767,277.89,2.766
35.127,1.282,2.748,160.86,2.133
-34.264,2.995,24.517,154.16,2.133
-17.551,17.107,62.262,241.46,2.688
-8.329,14.335,53.909,225.0,3.064
32.212,7.747,39.001,165.53,2.814
7.081,21.057,62.408,41.04,3.083
29.962,1.797,8.828,318.0,2.027
22.07,0.392,-14.24,86.46,1.868
-43.586,17.091,57.754,173.43,2.032
13.434,15.242,51.493,162.02,2.291
48.72,13.373,51.1,73.93,2.642
-9.588,2.845,15.344,39.72,2.625
-31.469,2.321,12.7,26.61,2.947
-20.183,17.077,62.458,23.76,2.191
14.514,18.366,56.342,328.08,2.922
-11.105,10.971,47.865,4.14,2.224
-24.337,16.169,60.393,73.45,2.522
40.279,23.176,67.401,180.61,2.895
-28.762,11.763,49.951,324.4,2.603
-41.133,2.197,13.364,326.38,2.593
-31.438,15.444,57.646,270.54,2.382
-47.709,1.353,3.457,163.77,1.844
-35.521,9.963,45.635,86.46,2.763
13.867,0.357,-11.463,131.51,1.987
-12.367,3.204,25.981,87.4,2.337
-39.556,0.667,-4.177,81.98,2.958
-13.584,3.125,25.365,74.02,1.808
-39.729,0.658,-4.487,253.57,2.146
30.466,1.696,7.611,91.19,2.972
-21.134,0.315,-22.291,276.06,3.089
32.742,10.796,44.792,112.25,2.994
-24.803,0.389,-15.256,266.86,1.859
8.174,3.92,28.436,264.12,2.913
-31.486,0.538,-4.945,123.17,2.402
39.453,3.818,28.895,344.94,2.986
7.244,13.859,50.398,290.46,2.41
33.845,4.893,31.958,149.04,2.097
42.404,1.971,9.929,176.81,2.191
-18.664,5.882,36.972,352.21,2.999
-12.955,0.307,-12.902,295.82,2.292
-17.34,15.733,58.987,232.21,1.946
-39.617,15.349,55.445,334.12,1.926
51.8,11.527,48.425,142.17,2.133
-3.82,3.244,22.565,28.25,2.42
-5.88,10.005,45.224,60.19,2.452
-29.721,10.082,46.476,244.73,2.373
31.282,16.038,52.955,27.79,2.717
-22.879,0.299,-17.936,304.1,1.753
26.016,2.447,15.883,258.37,2.223
-17.831,17.367,62.937,261.3,1.733
11.491,2.919,22.668,173.44,2.209
-49.981,1.439,4.92,253.91,1.989
42.656,14.465,51.829,94.25,2.263
-53.366,14.641,51.144,219.78,2.512
-39.635,0.587,-6.06,62.36,2.447
-53.7,2.166,11.911,231.78,3.062
31.161,1.458,4.776,90.27,1.781
27.786,0.981,0.349,60.08,2.352
8.993,2.87,21.514,132.72,2.84
36.151,12.362,47.684,186.57,2.623
51.075,4.802,33.494,217.04,2.294
18.057,1.015,3.322,211.5,2.842
-40.381,17.994,60.662,218.91,1.701
-25.837,2.442,16.117,159.99,1.723
-31.819,2.76,19.255,122.63,2.769
-34.997,7.58,40.991,282.88,2.994
-32.945,0.623,-1.897,263.08,2.59
35.308,2.139,13.32,163.35,2.942
29.471,17.19,54.49,86.87,2.177
-31.92,8.113,42.357,315.79,2.983
-9.028,6.662,38.895,300.34,3.061
-36.228,0.517,-10.642,109.71,2.339
35.268,1.193,1.723,70.56,1.896
12.754,3.141,24.73,143.75,2.943
42.633,17.393,57.258,344.07,1.805
24.117,0.409,-6.65,103.5,2.937
49.146,1.528,6.605,103.8,2.534
22.956,12.557,46.801,153.05,3.038
6.938,2.693,15.683,339.56,3.087
3.629,16.226,54.916,328.41,2.003
-19.321,5.557,35.998,188.27,2.035
54.602,2.435,17.326,151.79,2.268
-20.19,9.824,46.758,216.78,2.009
-41.064,3.486,27.512,99.97,2.744
2.023,3.159,20.791,328.47,2.115
-13.914,2.957,23.926,359.12,2.175
-48.281,15.117,53.111,220.49,2.604
-11.283,18.042,63.414,22.23,2.151
-30.544,2.604,16.073,54.45,2.437
49.327,20.617,66.538,142.43,2.685
-52.987,17.935,56.75,163.96,2.91
34.832,3.661,27.634,327.1,1.942
9.312,2.528,15.051,209.97,2.207
47.17,4.564,32.775,124.95,2.716
-15.314,0.344,-23.209,12.64,2.301
15.702,17.769,55.188,132.4,2.306
3.614,0.184,-15.488,260.77,2.681
30.855,3.073,24.654,79.33,2.11
-41.224,1.774,8.447,73.15,2.737
-9.611,1.326,3.801,237.01,1.816
-15.324,18.492,65.334,29.36,2.48
-31.209,0.581,-15.055,75.61,1.722
14.165,1.158,4.074,327.28,1.879
49.211,12.805,50.163,4.25,2.478
-54.673,4.779,32.443,345.46,2.425
12.58,21.193,61.449,133.36,1.739
4.489,14.653,52.132,283.69,2.805
-31.859,16.226,59.536,168.67,2.8
29.766,2.322,16.139,36.11,2.965
-29.467,0.975,2.043,222.83,3.067
42.738,22.397,67.148,357.58,2.587
-25.188,17.61,64.032,198.68,1.948
-18.591,0.526,-7.316,50.25,2.283
-43.904,5.464,34.489,205.66,2.306
19.803,24.446,66.181,65.5,2.165
18.887,2.859,21.885,194.33,2.07
-21.4,0.727,-4.688,231.61,2.334
-4.031,20.628,66.441,314.9,2.428
24.035,10.544,43.731,357.02,2.598
-13.553,2.937,23.579,223.1,1.847
45.135,18.262,59.87,111.86,2.311
39.553,1.219,3.428,262.01,2.168
13.202,2.749,20.095,330.49,2.355
11.764,8.524,40.677,246.48,2.599
-40.333,1.71,7.82,138.76,3.016
-29.069,4.039,31.375,196.99,1.858
24.187,25.339,67.36,302.45,2.756
19.06,2.792,19.972,306.19,1.712
7.949,9.403,42.68,320.48,1.735
3.59,2.269,9.154,142.62,2.523
36.705,17.13,55.45,60.49,2.026
-25.817,15.522,58.743,196.29,2.419
10.446,0.233,-14.475,36.09,2.166
-28.157,0.655,-3.167,251.2,2.561
-54.906,2.812,22.002,308.6,2.311
53.835,19.708,66.129,226.28,2.505
-36.396,20.201,67.358,203.19,1.779
-13.311,2.865,22.635,208.15,2.425
-9.662,10.889,47.434,106.19,2.472
-43.098,20.495,64.649,172.2,2.055
-45.144,4.38,30.813,118.64,2.703
-20.322,2.954,24.413,349.76,2.36
26.291,11.662,45.637,223.0,2.41
-35.16,19.898,67.262,304.34,2.468
40.522,3.053,24.71,214.79,2.232
17.195,0.406,-16.015,48.92,3.078
-43.6,0.828,-3.234,108.01,1.804
-0.373,11.686,47.655,136.29,1.702
42.416,9.87,43.966,290.04,2.977
16.215,0.387,-21.451,18.21,2.907
51.544,10.076,45.656,317.51,2.231
-47.703,14.391,52.024,76.11,2.873
31.591,0.795,-3.56,132.51,2.136
14.346,2.796,20.935,22.19,2.301
5.913,9.228,42.572,132.71,2.349
30.265,2.279,15.62,206.34,1.783
11.081,2.945,22.875,319.64,3.003
-8.637,4.405,32.558,337.96,2.801
9.53,1.667,7.141,227.42,2.474
-17.427,1.632,6.513,155.32,2.724
11.458,7.679,39.021,196.69,3.008
-27.398,0.653,-3.746,338.36,2.845
-52.582,3.414,26.824,269.48,1.728
36.495,2.967,24.109,51.97,2.107
10.003,4.695,31.443,0.14,2.844
-18.133,3.488,27.673,18.54,1.771
29.913,5.24,32.899,88.55,2.498
-26.674,7.918,42.326,315.85,2.955
13.283,0.319,-19.795,7.58,2.859
-19.734,0.994,-1.066,186.68,2.21
18.625,0.872,2.108,12.36,2.974
48.864,2.392,13.678,267.81,1.844
-51.86,2.9,23.431,289.76,2.986
26.911,22.21,62.344,191.57,2.966
22.057,9.355,41.776,304.57,1.887
20.935,3.134,24.967,180.31,2.785
-26.718,6.8,39.743,194.45,2.347
-22.251,7.101,40.473,351.73,2.571
22.972,16.555,52.891,167.97,1.711
-13.885,2.253,12.275,271.78,2.949
38.369,3.697,28.202,194.38,2.357
13.93,4.075,29.649,251.02,1.969
0.453,2.69,10.873,15.21,2.437
-31.231,2.605,15.912,301.85,2.313
-28.308,18.563,66.223,100.98,2.847
51.219,19.53,64.904,66.55,3.091
-35.199,0.519,-9.264,232.55,2.781
14.56,0.774,0.095,301.01,3.001
39.197,2.991,24.223,269.39,1.897
32.392,13.364,48.954,14.08,2.628
22.612,2.545,15.543,49.93,2.292
-32.438,18.999,66.323,243.08,2.676
49.831,17.907,60.799,211.39,2.985
-4.309,0.395,-10.128,191.83,2.302
-46.73,17.808,58.152,198.2,1.788
-46.499,2.861,23.495,141.66,3.019
49.841,14.645,53.832,249.86,3.093
45.221,18.805,61.083,63.79,2.573
-23.176,0.314,-16.733,5.07,2.503
-13.438,17.854,63.452,261.99,2.012
35.069,2.237,14.939,119.2,1.715
40.779,16.291,54.765,161.6,2.411
51.283,13.246,51.529,121.96,2.639
-1.134,3.397,25.404,211.71,3.004
16.329,18.961,57.101,234.38,2.457
6.008,0.259,-22.236,12.53,1.766
-26.581,17.693,64.207,197.41,2.665
-18.145,19.016,66.993,75.58,2.287
-27.687,1.212,3.755,133.38,2.673
-20.633,2.3,16.18,160.73,1.761
-25.536,2.727,21.878,170.07,2.744
-17.054,3.139,25.62,65.46,2.506
40.099,21.372,64.069,4.58,2.537
1.375,0.642,-4.438,13.93,2.888
-25.979,2.445,16.064,246.81,2.026
46.162,4.362,32.076,331.32,2.537
-30.497,15.351,57.623,16.02,1.707
-15.531,2.719,21.659,121.76,2.405
20.028,21.579,61.343,188.19,2.911
-9.042,8.907,43.567,263.94,2.927
30.625,4.99,32.177,192.27,2.092
-21.427,3.97,30.115,137.55,2.237
8.946,0.183,-15.615,260.66,2.616
31.748,1.23,1.92,177.92,1.709
43.828,2.855,22.272,97.13,3.044
37.973,18.435,57.914,280.75,2.939
-21.79,0.322,-13.332,205.43,1.736
-53.92,2.745,21.019,148.58,1.801
20.563,1.725,8.274,69.56,2.043
-30.609,1.286,4.876,219.27,2.036
23.667,3.152,25.111,60.43,2.181
33.094,22.152,63.074,143.57,2.993
25.541,4.745,31.849,321.35,2.155
-16.975,9.038,44.842,152.11,1.938
-3.837,0.427,-15.273,65.18,2.737
-32.04,8.911,43.934,314.47,1.762
8.745,7.358,38.46,84.95,2.976
-26.18,9.333,45.385,350.64,3.09
12.992,9.457,42.289,106.84,1.81
30.683,15.676,52.325,113.94,3.022
-52.222,1.457,5.603,44.29,2.128
-28.633,18.033,64.87,168.68,2.234
6.336,11.535,46.685,105.96,2.409
-28.941,2.891,23.29,214.48,2.334
36.047,12.999,48.711,95.48,1.965
10.926,24.605,67.51,347.58,1.846
-28.857,2.617,17.194,287.7,2.661
51.148,13.785,52.526,4.57,3.033
-38.857,18.359,62.107,208.68,2.414
-17.566,9.176,45.206,158.21,1.97
-49.788,1.219,2.45,252.7,1.719
0.559,0.316,-11.699,217.26,2.182
34.536,1.922,10.421,24.36,2.817
3.298,10.361,44.962,198.86,2.069
53.796,1.626,7.01,278.0,2.752
-21.242,7.928,42.509,179.37,2.585
-11.329,2.87,20.187,196.06,2.237
7.147,21.287,62.792,2.58,2.221
-11.851,1.647,6.279,264.03,1.957
28.946,3.826,28.279,46.69,2.299
-35.594,2.684,17.892,256.58,2.747
53.788,2.081,11.811,323.7,1.717
31.035,7.873,39.219,150.0,2.457
-30.774,2.651,16.891,197.93,2.294
53.942,4.084,30.564,26.93,2.375
40.277,17.503,56.829,249.54,2.489
-45.535,5.003,32.894,133.79,2.661
-3.03,0.398,-14.345,184.05,2.284
-50.537,2.954,24.028,63.26,2.851
-24.623,16.259,60.609,206.45,2.682
-27.112,1.524,6.363,226.66,2.539
38.29,4.619,31.699,327.07,2.159
-12.971,2.769,20.304,295.0,2.36
-30.692,0.54,-9.657,124.51,3.02
-34.567,15.724,57.545,183.9,2.128
44.157,4.084,30.793,102.25,2.796
-54.316,4.759,32.366,33.05,2.701
14.707,1.623,7.672,175.94,2.512
48.423,3.991,30.617,32.13,1.993
-26.171,5.349,35.793,345.35,2.6
-37.769,4.269,31.7,159.47,2.218
50.885,9.067,43.608,163.35,2.65
16.421,0.356,-24.079,301.12,2.065
-52.142,1.54,6.336,19.49,2.389
44.194,3.308,26.829,0.08,2.832
7.212,0.196,-20.065,302.03,1.908
-14.34,5.994,37.342,344.06,2.433
-14.678,7.003,40.009,92.31,2.527
11.378,0.329,-11.465,298.62,2.414
45.046,2.639,16.364,273.31,1.925
-50.134,21.35,63.647,38.95,1.731
-19.059,6.43,38.583,165.22,2.154
-38.681,20.339,66.527,197.77,2.927
30.456,15.934,52.691,60.44,2.737
2.248,0.337,-24.077,308.72,2.582
0.595,9.05,42.795,205.15,3.084
2.155,0.226,-14.953,85.79,2.975
-24.796,1.283,3.575,78.74,2.011
51.803,2.587,18.149,141.78,1.795
46.259,17.608,58.878,127.15,2.748
24.268,13.446,48.217,242.63,2.154
5.357,0.701,-4.322,64.56,2.834
5.133,4.946,32.34,79.36,2.128
-52.28,10.36,44.344,284.1,1.818
-50.744,2.155,12.795,134.37,1.946
21.949,8.504,40.339,133.73,2.784
39.732,1.73,8.063,236.5,2.272
16.382,9.126,41.514,118.19,1.808
-12.327,0.813,-0.9,136.1,2.435
34.478,4.051,29.148,268.63,2.439
-9.569,0.381,-12.784,220.7,2.578
-14.655,11.138,48.879,250.92,1.992
36.195,5.706,34.546,13.41,2.304
-35.459,11.321,48.205,209.93,2.21
-22.912,0.396,-11.736,75.24,3.073
-9.419,2.968,17.637,263.08,2.829
-11.911,12.24,50.519,150.93,2.662
5.223,0.166,-18.263,246.29,2.078
-48.218,2.103,12.91,166.9,2.675
6.191,23.101,66.312,47.08,2.535
38.618,19.709,60.403,152.95,2.201
-0.595,8.28,41.427,122.78,2.94
16.357,5.089,33.159,209.45,2.74
30.667,0.56,-6.716,250.15,2.419
-18.695,0.255,-20.114,9.54,2.742
48.63,10.365,45.641,245.92,2.532
-37.748,1.045,2.164,226.05,2.495
22.614,25.499,67.648,352.77,3.056
5.819,1.979,8.056,186.63,1.805
-30.22,0.781,0.104,316.25,2.033
-52.41,12.481,47.849,38.3,2.815
44.443,18.83,60.822,327.6,2.434
-17.494,1.31,2.938,231.16,1.983
43.495,0.724,-0.615,356.99,2.498
53.92,13.462,52.652,197.28,3.053
-44.932,1.319,2.923,127.26,2.318
50.12,1.603,7.106,137.82,2.741
35.554,1.633,6.858,111.79,1.93
-31.146,0.787,0.361,114.28,2.408
-38.369,6.029,37.009,324.53,2.624
20.378,2.922,22.802,5.57,2.134
21.507,10.242,43.2,347.3,1.89
-42.704,15.99,55.936,109.84,1.848
11.096,0.314,-11.784,177.22,1.93
29.254,1.681,7.547,272.76,2.835
-42.899,2.244,14.83,211.89,2.786
8.621,22.468,64.453,144.65,3.066
1.398,9.031,42.675,298.45,2.13
-15.363,2.25,13.244,239.17,2.799
20.327,11.539,45.209,148.49,2.361
9.95,1.076,1.815,11.65,2.55
-28.603,2.167,11.71,160.1,3.051
24.557,0.358,-15.632,230.9,2.151
-54.945,1.69,7.791,110.6,2.899
4.667,17.127,56.225,316.44,2.603
30.462,20.712,60.197,66.01,2.842
21.028,2.669,17.007,72.44,2.872
-22.868,11.817,50.821,282.9,2.608
-24.637,1.673,7.502,347.61,2.328
-29.288,2.615,16.882,202.27,2.461
7.875,1.588,5.917,108.86,2.218
45.009,13.768,51.013,20.49,2.568
-1.943,4.854,33.318,315.78,2.677
-28.964,7.804,41.939,130.63,1.96
-19.876,1.47,4.69,41.18,3.025
-16.245,2.407,16.452,91.81,2.412
-30.681,4.722,34.091,172.06,2.906
-37.818,6.708,38.759,327.38,2.024
29.328,0.519,-7.047,305.67,1.886
-19.979,15.033,57.652,208.14,2.467
-8.469,7.905,41.519,167.82,2.254
14.199,7.239,38.111,248.06,2.762
12.057,6.94,37.461,282.47,3.046
-10.689,3.65,29.03,105.64,2.741
-53.03,14.063,50.28,262.07,1.91
8.966,2.808,20.377,271.65,3.001
-0.392,0.336,-20.142,148.95,1.929
-1.286,14.135,52.089,135.78,2.873
5.57,5.369,33.607,200.24,1.994
-8.543,10.704,46.888,253.47,2.266
9.97,7.596,38.911,31.0,1.883
30.737,3.078,24.681,312.44,1.909
29.786,13.99,49.632,134.84,2.874
-7.057,16.339,57.982,312.01,1.812
19.35,2.746,18.309,275.27,2.19
-33.699,8.041,42.068,85.07,1.82
43.908,9.141,42.824,188.09,1.988
2.445,13.292,50.137,109.87,1.924
-50.513,3.534,27.325,307.99,1.781
26.868,25.313,67.371,82.3,2.566
-17.842,3.354,26.915,4.35,2.722
13.307,21.431,61.752,233.54,2.944
44.551,22.257,67.711,3.9,2.007
44.556,5.014,34.021,147.29,2.228
17.499,2.343,12.993,83.5,2.299
15.248,3.867,28.923,133.05,2.945
-18.928,0.549,-7.038,294.41,1.991
32.066,11.308,45.6,209.15,2.367
1.077,2.667,10.942,78.08,2.647
15.304,2.818,21.283,272.84,1.911
32.922,5.059,32.401,270.38,2.646
-9.287,20.166,67.641,192.65,2.389
-9.321,0.429,-20.094,322.91,1.971
50.362,2.497,15.554,208.17,2.349
29.378,4.025,28.998,132.09,2.747
42.617,12.947,49.215,155.67,2.644
-25.226,0.398,-15.83,46.05,2.722
11.439,12.437,47.413,90.81,2.765
-31.731,0.581,-13.348,271.77,2.285
-51.245,3.014,24.363,249.4,1.867
15.577,3.161,25.072,347.4,2.443
-21.577,7.153,40.597,138.62,2.989
-28.127,12.649,51.89,316.98,1.967
33.061,8.848,41.286,172.63,2.87
39.879,4.091,30.125,42.67,2.525
35.185,20.165,60.203,237.57,3.099
18.691,22.843,63.623,104.4,1.706
-51.759,20.772,62.154,331.56,2.67
19.552,6.489,36.569,295.36,2.639
32.898,5.734,34.303,316.43,1.898
-24.328,5.02,34.526,241.57,2.382
45.087,0.613,-2.044,223.49,3.012
17.446,7.961,39.441,91.76,1.866
54.103,2.156,12.835,209.02,2.297
15.817,1.014,3.066,251.4,2.61
41.152,14.557,51.773,190.49,3.068
-40.657,1.949,10.282,262.18,1.732
53.774,3.565,28.178,42.95,2.127
29.652,1.444,4.849,52.89,1.922
-28.053,1.468,6.006,354.86,2.904
-40.373,16.423,57.412,3.22,2.562
-22.184,0.826,-3.145,92.64,3.04
-27.021,0.475,-15.148,215.52,2.344
11.574,4.431,30.682,55.69,3.088
51.417,7.588,40.671,28.46,2.327
-6.045,3.182,16.504,79.49,2.733
35.556,19.11,58.512,82.5,2.782
41.537,15.679,53.793,245.78,2.799
-32.259,1.485,6.403,163.02,2.253
-17.607,1.461,4.604,356.91,3.064
-0.415,2.5,9.43,104.43,2.299
29.593,0.46,-8.125,80.04,2.808
-22.012,16.657,61.557,153.91,2.259
21.398,0.358,-10.84,66.89,2.007
21.791,12.312,46.386,174.02,1.962
-23.27,1.859,9.475,195.27,3.057
1.212,19.884,62.379,343.51,2.419
25.781,8.058,39.505,151.2,2.474
52.397,7.917,41.473,148.93,1.84
-48.329,6.823,37.74,176.37,2.604
1.806,2.387,9.223,259.06,2.205
38.067,4.198,30.186,290.41,2.266
39.585,3.88,29.184,44.24,2.794
36.739,0.565,-6.942,185.99,2.779
-45.397,1.28,2.401,35.27,2.755
0.551,0.294,-13.391,352.18,2.206
-50.066,5.301,33.731,56.28,2.072
-27.405,13.709,54.299,335.27,2.45
-23.752,9.51,45.98,123.65,2.136
47.284,2.823,21.549,225.72,1.952
28.28,18.884,56.998,211.26,2.41
-17.687,14.368,55.99,330.21,1.762
35.039,7.532,38.765,237.75,2.849
-25.779,0.449,-13.246,61.64,1.878
-52.121,10.135,43.982,216.77,2.971
-20.867,5.662,36.364,258.22,1.97
0.163,0.295,-14.7,95.7,2.897
-36.292,2.89,23.22,60.41,3.066
25.145,12.89,47.447,162.9,1.707
-31.672,2.754,19.11,339.25,3.011
29.215,23.593,64.803,296.75,1.863
-13.929,0.298,-17.732,256.8,2.832
11.803,1.644,7.538,323.72,2.755
-5.071,12.727,50.071,299.01,2.068
34.728,2.246,15.203,20.8,3.069
39.314,1.984,10.4,84.62,1.796
36.615,3.63,27.659,46.96,2.517
10.582,16.343,53.748,104.66,2.387
14.328,3.339,26.211,32.55,2.998
2.572,10.729,45.701,105.99,2.217
54.528,11.458,48.925,207.43,2.096
17.287,2.231,12.011,98.72,1.855
-18.382,0.338,-23.502,312.95,2.563
-50.564,2.268,14.375,125.49,2.785
-36.205,12.082,49.578,66.07,1.951
-5.509,9.777,44.763,171.46,2.898
48.275,4.857,33.763,58.54,3.055
-15.246,8.975,44.52,126.34,2.683
24.866,16.783,53.367,245.11,2.819
-43.212,14.732,53.548,1.31,2.478
-24.718,1.404,4.817,128.02,2.565
-51.153,8.826,41.742,120.97,1.909
35.453,4.359,30.369,104.9,3.039
39.285,1.049,1.59,332.06,2.601
-30.928,0.877,1.316,86.71,1.897
-8.315,3.07,19.772,5.41,3.039
-22.194,0.492,-8.909,77.43,2.395
9.809,19.044,58.292,104.37,2.136
-23.13,1.689,7.555,147.68,2.227
-50.589,8.708,41.582,62.7,2.849
-15.877,3.188,25.951,83.61,2.172
14.811,2.292,12.829,241.71,2.728
12.098,23.167,64.903,156.59,2.956
54.582,9.541,45.161,33.29,2.456
28.022,23.621,64.727,330.27,2.16
34.174,12.37,47.537,160.53,2.764
11.912,0.34,-24.141,227.95,1.939
-1.978,0.545,-4.982,258.19,2.835
-54.197,3.358,26.612,338.65,1.765
-36.757,2.184,11.817,197.82,2.705
-46.483,20.216,62.706,126.88,2.001
14.017,9.118,41.624,346.56,2.053
32.794,20.802,60.747,220.83,2.165
-31.282,14.118,54.531,106.07,2.619
17.787,0.841,1.752,140.43,2.461
-43.592,19.352,62.127,294.15,2.94
1.841,6.31,36.716,140.23,2.186
43.968,11.179,46.366,298.99,3.008
-36.553,0.51,-10.255,94.14,2.168
51.0,2.62,18.182,9.15,1.872
35.864,10.543,44.602,116.34,2.932
47.704,2.167,11.396,194.77,2.83
8.364,0.165,-16.06,160.76,2.559
42.207,1.471,6.14,36.86,1.82
38.824,7.323,38.754,38.55,2.003
-31.378,16.088,59.294,87.45,2.934
29.101,7.541,38.483,222.28,2.394
29.801,13.92,49.525,25.77,2.682
25.829,0.323,-16.004,327.83,2.117
13.211,0.311,-14.069,149.59,2.936
-51.324,12.142,47.504,219.18,1.852
29.159,17.306,54.63,84.89,2.234
-17.654,0.24,-18.835,22.9,2.843
-39.342,2.639,19.983,39.39,1.907
29.291,19.472,58.046,269.18,2.977
-28.653,7.123,40.453,328.26,2.348
48.338,7.241,39.665,217.19,2.456
10.438,0.259,-13.238,132.76,2.919
-18.66,6.673,39.243,233.29,2.629
20.786,10.001,42.822,31.98,2.263
51.434,3.432,27.608,322.23,2.014
20.602,12.433,46.563,234.19,1.834
22.033,4.881,32.572,64.23,1.83
-38.682,3.808,29.543,202.47,2.293
7.747,2.208,10.882,59.38,3.096
34.462,21.819,62.845,57.44,2.467
-5.64,20.595,67.099,21.05,2.666
-7.213,13.94,52.827,41.93,2.505
44.594,1.058,3.11,302.35,2.449
-26.783,10.285,47.269,187.76,2.592
42.575,11.958,47.534,100.55,2.508
-34.228,1.043,2.967,108.1,2.701
24.518,3.852,28.761,151.08,3.04
-43.493,2.041,11.981,35.89,2.98
8.888,0.255,-21.603,168.17,3.074
-53.955,12.238,47.165,183.04,2.14
-35.482,0.617,-2.738,244.08,3.096
-24.741,16.013,59.992,280.75,2.501
-5.528,0.443,-20.67,86.95,2.913
37.799,3.779,28.452,167.39,2.222
-31.872,18.574,65.514,289.55,1.722
-2.258,21.713,67.672,56.93,2.351
-26.47,7.192,40.677,221.11,1.789
-1.324,0.686,-3.119,207.07,2.291
-46.848,2.412,18.292,208.08,2.991
-4.76,11.928,48.564,267.49,2.518
-44.329,1.318,2.965,10.65,2.594
-51.382,12.265,47.695,198.24,2.275
-20.827,15.011,57.63,270.76,2.927
28.546,11.026,44.811,155.61,1.935
16.144,2.707,17.89,127.92,1.829
-16.09,0.393,-8.955,335.76,2.704
-45.375,1.531,5.489,40.67,2.786
-41.156,0.699,-4.38,72.47,2.385
-12.656,4.901,34.14,86.27,2.655
49.85,4.657,33.066,80.93,2.127
8.253,2.479,13.836,290.97,1.939
-48.857,5.4,34.013,355.52,2.836
39.239,1.705,7.817,298.48,2.354
-33.779,3.225,26.781,164.01,2.158
37.851,10.059,43.912,83.43,2.311
-48.847,4.137,29.848,208.97,2.918
-44.144,7.478,39.684,307.48,3.008
-37.811,0.789,-0.959,39.8,2.668
50.717,20.484,66.767,95.17,2.175
51.646,13.255,51.644,68.23,2.301
-28.264,7.618,41.577,134.46,2.965
1.642,14.732,52.708,221.99,1.897
-38.236,2.994,24.479,299.17,2.107
-21.378,7.585,41.681,239.59,2.45
-24.096,2.202,13.574,350.58,1.751
-39.242,2.249,13.246,163.65,2.603
40.456,2.629,18.67,185.22,2.414
43.602,0.797,0.392,17.64,3.01
51.685,7.746,41.033,43.49,1.787
50.025,2.378,13.829,335.6,2.82
-46.423,2.356,17.399,320.38,2.543
-12.533,0.356,-20.131,283.97,2.382
-37.677,6.985,39.414,20.71,2.79
-36.375,13.493,52.307,106.54,2.596
-13.513,2.712,19.631,301.07,2.095
-41.968,2.45,17.923,263.08,2.651
-32.624,14.334,54.759,168.77,2.526
9.4,3.22,24.851,237.9,2.754
-5.492,14.12,52.808,28.34,2.105
18.972,0.431,-20.154,205.83,2.224
-47.391,7.46,39.281,64.43,2.172
44.071,2.957,23.743,105.45,1.802
-10.734,8.397,42.756,54.26,2.988
36.215,0.43,-9.876,192.95,1.992
12.562,1.756,8.492,5.77,2.4
-43.726,6.61,37.65,132.1,2.339
-35.537,16.839,59.913,147.11,2.015
30.389,0.278,-12.509,108.47,2.442
47.519,3.626,28.895,254.84,2.367
7.941,0.161,-18.009,248.2,1.887
-7.091,3.132,20.826,95.22,1.986
-31.465,5.56,36.562,172.57,2.928
-50.35,2.578,20.016,146.47,2.533
-21.867,19.16,67.717,324.43,3.005
33.747,3.629,27.411,150.8,2.307
51.832,19.017,63.97,266.79,2.171
-53.742,5.05,33.189,245.54,2.395
-19.523,3.782,29.134,64.7,2.435
-30.694,5.637,36.776,271.88,2.793
-25.668,2.063,11.357,225.36,2.757
53.182,3.831,29.514,332.99,2.002
15.634,22.556,63.402,120.48,2.324
23.325,22.338,62.52,252.0,2.48
7.849,21.352,62.705,289.54,2.662
-14.756,19.419,67.402,30.43,1.882
28.639,0.25,-16.941,226.88,2.605
11.6,2.283,12.846,84.87,2.663
-48.845,9.946,44.137,79.04,2.522
-15.258,0.275,-18.639,303.68,1.829
-24.92,8.768,44.299,42.24,2.361
23.661,4.002,29.473,353.68,2.926
1.199,7.14,38.792,206.49,2.718
-48.353,18.97,59.786,266.27,2.48
27.331,7.972,39.346,69.98,1.755
45.027,10.0,44.473,21.32,3.021
5.397,18.595,58.563,226.03,1.971
44.812,0.737,-0.115,160.2,2.556
2.584,1.12,0.669,237.38,2.821
48.412,4.91,33.94,317.27,2.896
-12.135,5.331,35.514,272.49,2.124
39.269,19.585,60.383,202.66,1.914
46.977,3.108,25.386,92.11,1.931
-35.328,2.77,20.515,112.23,1.799
38.945,0.619,-5.064,332.68,1.938
11.27,0.25,-18.547,253.09,2.711
-10.964,0.859,-0.041,83.75,2.787
34.951,6.594,36.635,102.23,1.993
32.096,3.061,24.615,188.85,2.944
-8.0,3.968,30.733,200.93,2.781
-4.295,13.812,51.976,324.85,2.265
39.33,2.854,22.997,62.6,2.214
49.124,8.501,42.271,277.54,2.636
39.741,1.875,9.33,234.85,2.137
38.598,1.17,2.584,233.13,1.802
-27.634,7.083,40.404,54.09,2.501
11.407,17.74,55.834,256.5,2.66
44.899,3.145,25.666,353.65,3.03
25.023,1.498,6.297,266.25,2.847
-8.393,3.085,22.666,195.26,2.582
-29.479,7.391,41.011,30.05,1.975
-25.457,14.827,57.102,35.22,3.0
35.526,16.95,54.966,55.91,2.954
16.88,17.11,53.967,247.38,3.04
35.351,4.373,30.405,18.86,1.804
21.776,0.391,-13.952,105.83,1.719
37.555,7.566,39.112,82.41,2.19
-32.422,15.548,57.675,97.45,2.981
-33.902,9.248,44.414,254.41,2.923
-26.127,15.923,59.708,188.03,2.52
43.004,8.202,41.004,84.78,2.615
15.857,0.366,-12.516,198.7,2.412
37.719,2.461,17.365,137.19,2.52
20.384,0.373,-12.084,55.28,2.405
-49.431,20.196,61.723,53.03,2.731
18.089,0.371,-23.554,313.75,2.586
-19.75,13.184,53.677,258.49,2.639
-34.404,0.533,-9.898,25.58,2.759
-19.2,1.513,5.183,264.45,2.33
-7.95,14.462,54.079,22.19,2.283
-9.803,2.895,16.565,342.29,2.45
-47.375,19.949,61.892,246.93,2.073
-34.935,3.052,25.158,340.41,2.388
2.623,0.266,-21.133,295.29,3.034
19.523,2.929,22.875,353.63,2.364
54.051,17.412,60.982,333.94,3.08
14.255,0.351,-22.052,210.65,2.78
16.522,9.03,41.343,300.3,2.141
-48.707,17.523,57.114,204.81,2.885
43.703,1.618,7.289,44.59,3.074
14.354,23.052,64.388,347.74,2.864
-4.405,0.446,-16.726,200.57,2.969
20.615,1.877,9.323,301.07,2.723
-29.87,18.5,65.836,78.42,2.039
-34.313,0.532,-9.728,256.42,1.991
-9.832,13.177,51.9,171.89,2.434
41.509,2.588,16.934,7.82,1.928
8.793,4.592,31.031,9.22,1.909
18.155,5.155,33.42,231.46,1.869
14.132,16.43,53.25,203.1,1.736
4.965,2.957,18.838,224.53,2.101
21.889,0.417,-4.92,226.32,2.907
-6.2,3.185,23.244,120.96,2.12
24.219,15.168,50.823,335.27,1.734
5.102,3.331,24.93,257.76,2.347
-52.946,1.975,10.26,129.68,2.174
23.153,22.462,62.735,241.74,3.081
7.545,2.772,17.994,329.45,2.939
-50.64,4.091,29.761,4.65,2.031
-2.423,14.62,53.177,191.25,1.907
-7.055,16.917,59.337,247.57,2.161
-52.287,8.001,40.054,27.09,2.027
54.753,4.964,33.824,300.98,2.536
-41.459,19.154,62.656,224.8,1.815
-23.877,1.635,7.006,238.29,2.45
28.2,1.024,0.65,218.79,2.774
-46.223,14.872,53.168,29.97,2.455
-41.268,7.213,39.447,106.61,1.867
-23.995,18.672,66.658,128.59,3.053
-6.484,19.133,64.347,173.47,2.023
-53.076,2.734,21.156,183.39,2.414
-4.041,19.317,63.672,111.24,2.649
-21.709,1.162,1.211,168.32,2.651
8.409,1.451,4.934,246.94,2.134
-36.973,4.506,32.726,73.31,1.757
37.636,2.442,17.082,130.96,1.749
-10.727,1.797,7.083,320.41,2.608
12.158,15.553,52.203,313.6,3.055
-7.65,7.282,40.178,185.2,2.546
48.786,15.442,55.129,205.25,2.438
-20.56,0.77,-4.015,239.77,2.281
-7.56,3.581,28.561,94.89,2.262
15.516,0.36,-12.362,291.45,3.006
-3.883,0.593,-3.558,252.46,2.584
-8.211,0.458,-18.068,195.57,2.001
-29.976,19.34,67.741,296.64,2.772
35.566,1.666,7.232,91.73,3.061
-41.696,3.581,27.909,8.51,3.038
45.536,4.526,32.56,212.81,2.583
-30.995,11.026,48.151,189.89,2.132
11.756,0.255,-16.574,285.44,2.069
-2.865,1.15,1.534,142.41,2.567
16.878,0.396,-15.649,173.26,2.145
34.878,13.329,49.142,323.62,3.052
2.912,3.104,20.217,160.02,3.086
18.678,0.653,-0.265,338.7,3.065
7.107,18.121,57.339,264.28,2.073
31.531,2.209,14.834,227.9,1.886
31.302,22.564,63.397,182.63,2.103
-17.678,1.349,3.359,330.73,3.069
28.867,23.557,64.709,155.29,1.835
-28.264,0.548,-7.221,81.97,2.977
-32.583,0.927,2.038,136.21,2.78
22.286,0.391,-22.411,326.65,1.734
-34.641,2.759,19.752,273.39,2.444
24.896,7.398,38.259,127.55,2.174
19.028,2.718,17.63,26.82,2.767
-48.89,5.415,34.054,236.51,1.774
31.153,6.171,35.373,105.14,1.769
-27.279,2.744,21.372,184.28,2.004
18.44,14.465,49.691,163.79,2.1
21.852,0.824,1.282,234.86,2.896
53.706,7.976,41.761,282.78,2.854
5.37,23.258,66.894,80.39,2.661
14.045,19.553,58.403,15.42,2.72
51.572,18.696,63.159,16.81,2.142
24.518,0.359,-15.702,6.98,2.353
-25.439,0.841,-1.556,352.09,3.01
-18.21,1.214,1.747,305.83,2.407
23.223,0.401,-17.699,227.68,2.253
-6.596,0.465,-17.142,37.05,2.801
53.585,2.047,11.399,269.46,1.978
2.401,9.352,43.184,340.19,2.374
-31.502,14.713,55.855,68.18,2.211
13.635,5.314,33.598,192.32,2.197
15.836,6.991,37.603,235.62,2.881
45.709,2.777,19.803,357.59,2.025
-47.532,18.128,58.509,88.82,1.879
46.144,2.136,11.074,121.26,2.747
21.128,24.009,65.396,7.47,1.925
-33.247,3.472,28.567,289.54,1.831
-50.648,16.904,55.544,161.83,2.748
-21.918,12.024,51.308,326.48,2.503
-42.166,1.222,2.353,121.82,1.901
-19.274,1.761,8.187,179.23,1.999
52.254,4.349,31.815,255.4,2.534
-9.748,20.099,67.664,137.74,1.894
28.46,16.835,53.816,292.73,3.057
48.483,11.139,47.003,48.24,2.022
9.252,2.142,10.932,90.29,1.803
-25.936,17.878,64.706,190.67,2.323
-1.868,0.366,-11.783,154.48,2.833
11.547,2.24,12.406,298.28,2.412
47.066,2.724,18.175,35.9,1.898
-27.92,14.673,56.444,316.58,2.699
7.76,0.25,-12.196,9.54,2.927
-40.941,6.236,37.11,247.0,3.085
5.2,4.215,29.681,42.59,2.22
6.407,0.262,-22.3,161.68,2.961
45.301,2.339,12.815,175.58,2.734
-7.632,5.638,36.348,297.29,2.784
-16.264,3.475,27.675,155.82,2.2
-31.47,7.123,40.317,83.61,2.781
-51.862,2.11,11.841,98.37,2.86
-15.697,6.728,39.322,134.51,3.017
-51.613,2.69,21.117,201.66,1.95
1.86,3.193,22.334,104.71,2.996
45.42,13.69,50.945,67.39,2.765
-10.842,0.398,-18.537,274.88,1.731
24.842,2.793,22.0,139.04,1.901
-31.97,3.023,24.878,315.51,2.636
-26.18,0.414,-18.419,279.83,2.228
15.555,8.513,40.484,353.07,2.611
36.467,0.854,-2.272,50.2,2.18
-20.362,0.459,-9.041,297.06,1.833
-10.521,16.341,59.061,211.55,2.45
21.245,0.351,-8.272,248.48,2.1
37.366,5.84,35.078,42.17,2.059
43.096,7.824,40.3,55.54,2.24
-12.934,1.679,6.625,108.62,1.773
-50.161,23.413,67.338,45.64,1.776
16.124,17.741,55.084,209.93,2.657
34.706,2.188,14.271,236.65,2.27
-16.026,14.209,55.435,231.67,1.825
-1.747,13.144,50.366,282.6,2.868
-52.177,11.53,46.328,13.1,1.944
49.641,2.732,20.113,82.47,2.576
15.556,0.937,2.307,218.48,1.8
-49.371,18.3,58.302,124.92,2.158
28.943,5.521,33.752,271.99,2.924
-19.23,16.391,60.715,134.03,1.711
2.763,3.775,27.863,154.58,2.989
-28.564,11.539,49.537,24.26,2.877
-13.889,8.797,43.998,22.05,2.688
40.845,22.264,66.055,292.42,2.836
28.235,1.614,6.903,141.11,2.238
-26.907,4.473,32.879,287.6,2.326
44.133,1.456,6.173,309.07,3.053
21.957,10.952,44.313,241.92,1.812
9.444,9.555,42.793,218.61,2.043
-53.994,2.655,18.843,336.19,1.769
37.543,1.73,8.024,282.54,2.863
-4.445,3.925,30.154,82.09,3.085
0.562,10.994,46.354,68.64,3.015
53.734,3.326,26.804,96.04,2.696
-29.966,14.187,54.952,341.67,2.819
-1.738,0.752,-2.145,6.4,2.4
-15.974,14.302,55.623,283.78,1.731
-10.486,17.094,60.879,162.67,1.842
48.501,1.844,8.962,324.47,2.531
-54.987,17.756,55.986,243.39,2.239
2.184,6.175,36.327,94.48,2.196
-3.746,3.876,29.751,175.69,2.118
0.725,19.344,61.519,292.11,2.611
30.923,3.361,26.193,68.18,1.713
-14.09,0.34,-22.401,353.87,2.202
11.703,2.132,11.44,345.98,2.585
22.158,4.947,32.744,327.83,1.844
4.052,0.178,-18.144,358.96,2.954
39.59,0.571,-6.075,106.63,1.806
41.129,4.083,30.32,177.54,1.938
-25.601,0.396,-18.039,218.59,2.271
-22.541,0.626,-6.315,128.03,2.605
-25.099,7.149,40.606,11.97,2.589
34.185,1.632,6.766,139.4,1.71
12.7,0.303,-13.469,231.74,2.756
20.457,22.154,62.321,287.51,2.526
-35.526,5.414,35.832,78.95,1.729
48.567,16.484,57.234,332.62,2.595
-29.591,2.568,15.876,75.98,2.402
35.871,1.198,1.942,275.5,1.784
-10.787,2.298,10.751,38.98,1.858
47.174,18.708,61.629,204.43,3.039
-7.018,1.369,3.732,119.43,2.167
10.297,6.831,37.22,111.29,1.871
38.253,22.549,65.427,222.21,2.342
-54.996,2.863,22.545,5.56,3.057
-40.472,1.888,9.578,49.68,2.01
-13.705,8.769,43.91,68.56,2.96
-22.791,4.72,33.286,314.1,2.921
-24.772,0.531,-8.597,180.5,2.909
9.762,16.074,53.476,193.75,2.774
10.039,2.143,11.251,290.16,1.973
19.781,1.164,4.446,319.04,2.814
-0.131,18.548,60.276,64.9,2.634
-41.056,1.534,6.032,103.27,2.544
9.16,4.019,28.908,7.5,1.87
-3.981,5.498,35.61,326.48,2.628
-45.116,2.637,21.624,65.26,2.88
-45.282,1.18,1.158,270.09,2.249
34.542,21.274,61.927,163.93,2.123
2.01,8.697,41.971,51.68,1.861
18.602,0.355,-24.289,235.93,2.471
54.97,14.305,54.58,115.45,2.522
-48.267,3.948,29.056,160.53,2.61
-20.263,9.877,46.869,281.19,2.279
14.628,2.697,18.281,220.0,1.986
-12.992,3.353,27.086,296.96,2.356
22.133,13.392,48.017,349.17,2.702
-37.85,2.511,16.047,143.1,3.023
7.21,0.168,-14.986,308.24,1.92
11.942,16.615,53.921,258.34,2.051
-22.557,1.232,2.299,303.08,2.09
-18.586,13.98,55.26,339.56,1.788
3.356,13.727,50.753,9.78,1.715
44.393,1.558,6.889,59.86,1.88
-30.414,1.284,4.839,158.28,2.983
-30.604,19.449,67.828,233.61,2.424
-7.913,19.66,66.11,342.22,2.202
53.118,5.553,35.724,276.74,2.179
26.819,0.898,-0.084,121.75,2.15
-11.696,12.372,50.732,181.76,2.789
-52.466,3.446,26.989,326.55,1.881
26.535,0.945,0.615,303.82,2.09
-52.646,12.094,47.178,220.49,1.707
21.517,0.366,-23.91,153.86,2.166
14.543,2.455,14.528,274.71,2.314
-27.064,0.625,-4.92,204.4,2.084
25.916,9.805,42.598,63.74,2.123
-34.079,16.855,60.475,6.48,2.62
-35.266,3.038,24.982,95.16,1.941
37.655,19.965,60.547,338.29,3.005
-33.592,5.265,35.623,130.52,2.86
-1.652,3.293,19.215,243.4,2.395
-50.78,1.531,6.042,201.75,1.792
-41.652,9.072,43.374,302.73,3.075
39.187,2.239,13.143,316.25,2.127
30.986,4.561,30.813,358.0,2.516
54.205,12.383,50.633,5.88,1.741
-27.507,0.852,-0.17,105.97,2.383
48.023,17.884,60.113,144.61,2.826
-38.013,0.507,-8.89,15.56,2.153
49.006,2.933,23.634,77.19,1.867
-7.487,11.253,47.736,64.73,2.058
-28.364,1.549,6.679,343.86,2.169
-28.038,2.686,19.498,20.52,1.866
9.114,9.03,41.864,146.0,2.677
47.396,4.527,32.657,232.85,3.052
45.648,3.7,29.228,257.39,2.219
6.831,22.776,65.53,11.35,2.79
0.341,15.869,54.964,326.02,3.043
-38.46,9.887,45.25,236.16,2.471
10.925,0.232,-17.896,133.74,2.166
42.605,3.165,25.69,264.44,2.115
-3.557,8.68,42.522,176.22,2.617
31.303,2.513,20.019,100.88,2.869
-3.124,0.386,-11.938,150.93,1.992
-8.721,3.038,19.332,32.19,1.824
19.1,12.467,46.645,169.92,1.835
31.83,17.349,55.048,124.58,2.885
-5.02,10.952,46.833,236.4,2.881
52.225,5.008,34.118,345.05,2.611
9.61,1.043,1.257,317.49,1.882
39.396,19.141,59.607,277.13,2.383
45.754,5.854,36.354,127.4,1.984
-21.245,1.39,3.885,114.49,2.481
4.082,10.727,45.545,92.69,2.82
-32.275,2.797,20.544,78.61,2.495
-19.848,1.718,7.696,145.28,1.938
11.954,0.272,-18.904,280.95,1.986
-41.477,0.641,-5.529,137.96,2.518
31.619,2.768,22.669,336.71,2.574
-39.821,2.606,19.606,142.17,1.703
6.458,23.941,67.675,102.87,1.749
-19.573,0.24,-15.262,19.1,2.528
-51.665,1.63,7.122,192.9,1.959
6.39,2.019,8.643,345.51,1.824
-50.468,1.671,7.47,353.88,2.629
28.84,0.677,-4.228,172.88,2.789
-11.217,0.384,-17.972,46.44,2.855
7.996,9.302,42.487,274.61,2.089
-7.392,19.367,65.233,171.04,2.142
-14.834,2.427,15.391,108.56,2.501
-49.996,16.029,54.222,60.11,1.978
27.379,16.991,53.933,177.55,2.632
-42.092,2.278,15.064,103.15,2.99
10.159,21.521,62.446,25.17,2.505
32.014,5.274,32.967,157.85,1.982
-51.952,10.614,44.822,144.33,2.523
50.615,5.001,34.171,354.8,2.201
-15.506,2.289,13.906,329.69,1.956
-25.533,0.51,-9.577,277.5,2.797
-3.315,6.922,38.939,111.75,2.121
-17.345,2.114,12.477,81.46,2.997
-6.146,3.903,30.299,313.01,1.981
-12.018,2.462,13.177,62.91,1.752
42.259,1.033,2.502,268.06,2.862
-9.251,4.08,31.231,32.47,2.354
1.017,7.157,38.857,334.83,1.936
0.877,20.619,63.992,302.87,2.778
-47.742,2.629,21.404,198.86,2.866
17.925,9.724,42.441,192.38,2.788
-3.96,19.521,64.086,144.41,2.86
-13.982,0.303,-18.545,43.45,2.045
-47.045,8.098,40.723,237.32,2.558
-41.391,9.192,43.644,28.13,2.986
-11.958,2.047,9.351,66.27,2.718
27.27,0.356,-10.206,123.2,2.797
-47.801,10.031,44.453,243.39,1.735
41.892,21.315,64.754,45.37,2.395
31.916,5.436,33.433,192.48,1.999
-10.631,0.365,-13.498,138.25,2.393
-35.579,3.326,27.363,224.39,2.653
-8.719,1.788,6.592,140.58,2.83
14.605,1.944,9.992,22.5,2.998
6.225,0.306,-23.522,42.31,2.981
47.922,9.95,44.775,188.33,2.598
2.51,0.215,-15.492,118.55,2.301
20.003,0.904,2.366,323.39,2.373
-37.25,2.145,11.564,21.16,2.0
-31.211,14.213,54.766,42.0,3.096
32.619,1.96,11.076,254.5,2.746
-13.622,0.305,-17.247,237.49,2.894
-46.754,17.414,57.452,70.61,2.551
24.36,20.209,58.895,65.54,2.367
-36.58,18.169,62.708,292.61,2.361
-13.6,2.213,11.633,175.0,1.805
16.046,0.37,-12.874,149.68,2.597
-23.147,4.121,30.918,267.69,2.881
-31.281,0.778,0.283,92.09,3.035
-6.989,0.429,-13.659,97.54,2.435
-45.92,21.357,65.091,238.57,2.676
-32.381,3.323,27.632,153.86,2.907
-21.101,1.058,-0.158,275.72,2.89
-17.507,4.465,32.152,122.28,2.088
10.266,0.209,-15.958,81.99,2.824
35.236,18.546,57.513,333.43,2.161
-29.391,2.226,12.07,8.99,2.919
-43.604,2.4,17.792,332.45,2.089
33.963,0.884,-2.543,237.12,2.679
25.47,0.331,-14.512,33.38,2.886
20.945,15.121,50.622,172.4,2.463
40.496,1.878,9.304,93.82,2.341
17.454,2.39,13.417,120.99,2.834
26.674,17.603,54.811,163.65,1.966
-37.049,13.546,52.322,41.24,2.256
-32.068,2.752,18.857,113.41,2.823
42.52,1.765,8.339,146.61,2.527
21.924,10.105,42.98,148.31,2.945
-30.791,1.359,5.442,123.84,2.125
-3.869,3.469,26.925,162.09,1.894
-36.994,14.537,54.334,38.52,2.356
24.363,6.389,36.188,67.59,2.732
-36.619,17.104,60.151,28.83,2.384
-7.421,3.183,24.459,311.43,2.243
36.471,1.099,0.943,51.08,2.722
0.265,16.311,55.8,75.94,2.321
50.972,4.171,31.202,75.05,3.021
46.881,4.835,33.647,19.29,2.126
38.342,2.525,18.095,74.98,2.89
-8.952,3.087,23.527,135.28,1.988
-19.672,4.183,30.936,1.94,2.795
46.254,2.804,20.707,191.25,1.855
2.116,0.673,-4.168,81.14,2.531
41.254,1.911,9.511,333.21,3.039
25.389,3.466,26.896,200.84,2.701
4.993,0.233,-21.177,331.97,2.782
0.642,3.414,25.388,201.23,2.807
28.365,1.816,9.008,37.91,2.83
13.439,1.012,2.455,297.12,1.862
16.335,23.743,65.323,237.85,2.921
-3.147,0.391,-11.309,92.73,1.916
49.537,14.224,52.93,136.99,2.465
-7.032,11.886,48.831,305.43,2.226
-30.353,2.905,23.367,186.08,2.956
-4.386,3.255,20.294,46.94,2.195
-3.56,3.306,18.204,34.23,1.899
-25.111,4.892,34.194,267.65,2.403
47.715,1.394,5.711,209.23,1.785
33.363,7.789,39.172,243.3,2.0
16.5,1.943,9.913,92.77,2.271
-29.208,4.362,32.708,287.37,2.864
35.8,1.233,2.336,171.68,2.172
-36.854,3.503,28.309,253.94,2.375
-5.836,0.781,-0.871,338.51,2.233
-41.932,9.758,44.695,232.54,3.09
35.203,0.978,-0.998,42.59,2.239
37.318,0.478,-8.897,196.88,2.197
-39.86,16.461,57.626,63.88,2.35
32.402,21.287,61.464,19.67,2.823
-5.555,0.464,-17.461,330.46,3.007
-16.665,8.935,44.597,261.99,3.016
-14.111,5.201,34.992,353.45,2.166
-48.76,13.723,50.674,70.18,2.373
4.829,0.193,-19.499,90.45,1.84
-16.115,10.076,46.962,342.78,2.494
-43.189,5.904,35.876,83.28,1.803
47.618,9.868,44.587,23.46,2.884
4.839,0.238,-12.194,153.99,1.756
54.755,2.708,22.06,199.11,2.454
14.93,2.383,13.675,50.71,2.365
-30.259,1.486,6.345,7.32,1.942
-2.404,3.318,24.513,280.22,2.797
-29.77,7.873,42.034,147.88,1.773
6.058,23.447,66.959,237.73,2.506
41.05,20.495,62.814,205.52,2.322
-14.848,1.702,7.042,271.1,3.034
15.065,2.766,20.101,38.44,2.815
19.412,6.048,35.617,267.69,2.77
14.675,1.607,7.55,6.88,3.032
-13.753,1.122,1.844,94.09,2.416
-3.173,8.766,42.644,119.66,1.768
12.302,0.753,-1.631,316.46,2.705
29.517,2.537,19.889,106.82,2.919
-39.926,2.637,20.295,345.56,1.908
15.994,2.145,11.469,172.34,2.216
-1.062,2.704,10.679,58.94,2.62
31.64,21.969,62.456,164.23,1.716
-37.667,5.25,34.99,170.75,2.08
-17.851,0.227,-15.496,282.89,2.555
-5.627,1.485,4.197,264.44,1.732
19.295,13.107,47.599,62.64,2.585
6.395,8.063,40.183,341.07,2.362
47.961,13.268,50.712,293.38,2.655
19.891,18.94,56.772,68.82,2.584
50.322,1.483,6.156,83.49,2.404
-14.115,2.574,17.256,187.24,2.118
-10.075,2.945,19.278,316.66,2.299
3.193,10.596,45.398,74.23,1.732
23.349,8.72,40.704,194.85,2.919
14.954,1.495,6.741,136.04,2.122
50.003,14.225,53.057,53.07,2.14
14.416,3.591,27.578,238.87,1.83
-53.615,4.169,30.306,64.02,2.697
-0.181,12.123,48.403,105.12,2.661
-44.215,1.86,9.636,264.61,1.8
2.304,3.361,24.857,249.9,2.515
-14.764,0.267,-15.8,78.03,2.209
-54.6,3.887,29.233,267.93,2.924
-45.576,2.117,13.433,28.47,2.324
-40.628,2.32,14.887,88.56,2.713
42.387,17.707,57.786,185.6,1.764
-35.078,1.1,3.323,317.84,1.956
29.512,1.182,1.937,150.13,2.197
-3.98,0.44,-19.119,35.56,2.502
-27.305,6.904,39.991,301.16,2.213
1.195,10.272,45.004,279.89,2.844
-26.568,0.797,-1.553,168.16,1.976
9.728,5.066,32.603,106.05,2.454
-16.02,13.076,53.06,156.09,2.483
8.024,2.102,10.092,111.68,2.42
-11.759,15.982,58.532,169.56,3.083
54.092,13.479,52.731,113.58,2.436
44.2,19.072,61.233,128.44,2.98
-11.676,13.521,53.061,92.6,2.525
-12.123,18.86,65.592,6.41,3.092
37.995,15.03,52.175,201.31,2.999
23.078,0.456,-4.671,52.54,2.315
2.955,6.391,36.747,138.54,2.02
-32.058,0.952,2.262,246.86,2.764
-9.524,10.042,45.809,19.74,1.99
-37.459,15.779,56.883,107.53,2.428
18.757,2.689,17.098,119.91,2.874
27.197,0.286,-15.578,127.81,3.05
23.945,12.018,46.025,204.19,2.11
39.04,0.663,-4.14,333.92,2.714
-51.216,23.173,66.626,226.26,2.013
-17.716,1.012,-0.517,152.2,1.911
35.288,6.22,35.774,86.93,2.262
-40.683,0.79,-2.596,342.82,2.711
1.559,13.917,51.31,75.43,2.486
50.926,15.616,56.128,21.49,2.456
-39.679,13.708,52.269,249.25,2.028
17.263,0.448,-4.623,14.52,2.086
24.505,2.66,18.891,33.49,2.296
-47.333,1.524,5.479,283.88,3.069
-21.949,6.46,38.749,224.87,1.924
42.15,6.192,36.719,25.7,2.861
28.958,7.402,38.198,322.45,2.973
-23.88,13.38,54.017,80.22,2.065
-31.295,19.425,67.596,336.7,2.735
33.082,2.65,21.729,117.94,2.257
30.976,1.765,8.461,153.55,2.755
-54.77,3.825,28.974,182.84,2.321
-52.467,21.866,63.974,244.71,2.4
19.033,1.922,9.655,214.67,2.622
-37.366,3.449,27.921,356.38,3.032
2.23,3.966,28.861,315.86,2.607
35.816,1.93,10.395,61.69,2.53
-9.553,7.69,41.184,352.28,1.733
-53.532,11.794,46.534,319.09,2.561
15.645,23.024,64.2,175.89,2.198
-3.595,17.227,58.797,58.53,1.801
-10.43,3.048,23.824,40.75,3.018
-15.861,0.761,-2.968,138.63,2.618
27.53,3.156,25.096,92.61,2.516
0.414,9.115,42.937,61.89,2.981
3.392,4.402,30.598,280.97,2.062
35.964,2.352,16.539,134.78,1.991
-15.798,3.387,27.16,240.44,2.059
41.114,1.213,3.854,264.12,2.086
14.091,1.556,7.165,111.87,1.998
-31.687,2.985,24.436,62.03,1.886
-36.091,8.919,43.587,32.13,2.351
16.61,9.962,42.879,45.95,2.961
26.164,2.035,10.998,357.21,2.828
-10.752,11.628,49.058,135.47,2.784
50.595,16.275,57.431,178.62,2.994
8.907,6.398,36.233,286.51,1.91
46.47,4.283,31.785,242.37,1.951
34.437,2.28,15.87,205.31,2.042
47.642,19.878,64.362,30.18,2.226
9.48,4.786,31.73,240.75,2.744
54.184,10.884,47.74,93.98,2.653
47.351,2.251,12.049,188.24,2.961
13.928,19.524,58.37,123.3,2.609
47.382,9.372,43.665,215.62,2.797
52.881,16.574,58.771,216.73,2.034
10.166,0.266,-12.865,248.92,2.131
-9.586,2.999,21.423,137.16,2.223
51.472,4.911,33.844,276.64,1.758
-48.185,21.048,63.686,30.33,1.852
-47.816,6.436,36.801,355.69,2.463
-35.131,0.517,-8.111,302.47,1.758
-45.001,14.1,52.089,246.38,2.526
19.059,0.665,-0.066,243.24,2.594
-54.377,4.923,32.85,183.04,1.849
-18.119,2.296,15.761,211.83,2.739
-18.682,5.601,36.123,68.56,2.61
-25.308,7.986,42.555,25.52,3.001
19.165,17.94,55.143,304.69,2.413
23.304,16.62,53.008,17.53,2.888
36.888,2.403,16.859,212.29,2.702
3.967,2.609,11.954,284.65,2.573
45.032,19.394,62.257,234.22,2.883
6.55,3.366,25.427,337.16,3.051
-24.526,0.358,-21.854,335.59,2.852
-14.581,0.353,-23.825,340.62,2.529
47.201,1.756,8.295,327.95,2.65
-12.493,0.604,-3.592,15.82,2.395
-15.512,2.923,23.889,281.76,1.742
-54.64,2.434,14.595,226.04,2.068
-16.211,18.207,64.784,84.37,1.765
5.895,3.174,23.925,328.12,2.068
-35.471,8.316,42.457,284.72,2.952
53.938,10.664,47.261,319.92,2.908
24.971,6.149,35.595,74.9,2.749
24.736,25.658,67.852,259.97,3.02
-17.779,1.539,5.493,253.07,2.695
14.638,4.283,30.495,347.04,2.631
-25.045,1.089,1.525,198.52,2.504
-9.715,5.567,36.235,99.14,2.132
-11.764,0.831,-0.532,231.54,3.042
39.89,15.833,53.78,290.2,2.69
-50.766,17.248,56.1,314.37,3.026
25.816,2.516,16.959,109.6,2.724
39.781,6.239,36.472,209.7,2.279
-15.468,0.336,-22.924,12.41,2.678
-38.302,15.229,55.504,151.77,2.818
1.852,9.486,43.497,32.67,2.238
38.965,23.724,67.771,311.3,1.866
-21.783,1.898,10.027,337.8,2.695
-7.247,0.434,-14.157,356.29,3.076
-15.082,1.305,3.291,302.8,1.772
51.868,2.777,22.176,113.12,2.83
34.466,1.203,1.662,53.82,2.078
-52.426,8.802,41.572,260.5,2.644
15.917,5.033,32.976,144.96,2.726
34.586,2.601,21.054,307.11,2.695
-41.531,2.257,14.422,328.13,2.402
50.181,5.493,35.601,176.91,2.29
-34.84,0.517,-6.752,183.49,1.718
44.006,21.905,66.826,57.63,1.893
45.705,1.405,5.846,185.3,2.164
-42.425,1.093,0.705,105.65,2.812
11.884,15.252,51.779,285.15,2.895
28.237,2.594,20.222,152.56,2.957
37.475,0.939,-0.62,144.96,2.988
-10.165,0.508,-4.331,234.64,2.901
-40.859,20.992,66.748,125.05,2.77
-50.68,5.019,32.914,359.88,3.035
12.539,7.994,39.628,109.72,3.091
46.14,3.108,25.367,73.47,2.416
23.863,1.777,8.561,293.26,2.684
19.926,0.391,-13.124,179.84,1.883
-16.157,5.169,34.758,45.3,2.702
-36.62,15.583,56.667,353.35,2.881
20.676,4.482,31.41,220.55,1.851
-43.027,1.576,6.211,91.45,1.911
7.903,3.172,24.314,277.1,2.738
-39.754,11.849,48.808,303.2,2.298
4.395,2.549,11.746,327.59,2.069
22.117,3.458,27.091,332.27,2.894
27.325,0.833,-1.213,177.12,2.71
-45.342,3.646,27.861,2.7,3.007
3.764,11.979,47.761,316.86,2.029
23.38,0.402,-6.516,63.43,2.53
-18.814,18.751,66.437,276.3,2.776
2.345,4.167,29.824,106.06,2.094
18.396,19.07,57.09,125.53,2.306
-32.347,0.564,-11.574,293.37,2.622
-25.767,18.257,65.659,87.56,1.879
48.073,18.08,60.569,72.43,2.305
53.135,2.095,11.769,310.14,2.078
51.579,4.942,33.942,88.96,2.952
4.655,5.134,32.975,172.91,2.875
25.568,0.38,-8.961,282.63,2.444
31.31,6.772,36.817,178.8,2.258
-45.003,2.413,18.346,56.91,2.064
-33.603,1.426,5.988,320.83,2.427
27.326,2.599,19.86,357.66,1.811
-22.318,0.344,-23.156,227.16,1.883
5.97,9.355,42.807,21.14,1.929
22.984,2.843,22.172,290.83,2.112
-35.425,3.805,30.159,237.71,2.928
38.49,22.45,65.354,140.09,1.903
9.592,15.013,51.827,129.74,2.977
-27.316,8.415,43.355,15.79,3.005
-18.7,0.226,-17.38,1.14,2.232
49.184,12.909,50.351,103.13,2.486
-15.992,2.28,14.2,73.04,1.975
-35.94,14.935,55.394,162.45,2.581
-18.978,11.278,49.722,242.67,2.9
3.315,2.275,9.086,26.89,2.29
-29.435,10.729,47.783,354.55,3.029
13.772,2.649,17.526,327.12,2.613
-34.945,2.709,18.199,332.73,2.395
13.943,0.341,-20.454,5.28,2.535
16.358,4.546,31.547,95.0,2.885
-17.708,1.979,10.776,7.97,2.84
-26.912,0.429,-19.62,8.87,2.515
44.151,15.426,53.846,11.19,1.893
-12.71,0.345,-18.798,14.74,2.613
-21.729,2.619,21.284,56.39,2.676
30.01,2.264,15.314,288.35,1.767
44.049,21.646,66.372,156.79,2.873
-36.34,18.973,64.698,74.74,2.975
-40.705,0.918,-0.762,299.25,2.233
-27.53,0.486,-16.001,162.35,2.088
28.39,9.077,41.437,94.05,2.466
13.9,1.645,7.803,357.62,2.081
-22.27,0.489,-8.987,97.2,2.226
8.815,3.376,25.801,205.82,1.964
32.837,5.528,33.744,290.8,2.972
28.318,18.094,55.754,255.7,1.764
-15.7,1.346,3.629,184.32,2.482
-39.288,2.188,12.54,303.18,1.948
31.75,0.56,-6.959,303.25,2.386
30.386,0.214,-16.284,48.2,2.123
27.931,12.495,47.097,84.63,2.311
-51.508,2.055,11.36,85.82,1.942
12.391,2.674,18.284,264.64,2.072
19.1,0.862,2.022,203.51,2.533
-7.383,7.371,40.332,194.56,2.52
47.608,3.585,28.684,282.06,2.901
47.377,17.71,59.501,218.63,2.746
-15.387,0.306,-21.059,285.47,2.953
5.897,2.681,14.493,224.4,2.003
33.549,2.458,19.155,288.47,1.933
-41.224,9.632,44.52,23.16,3.002
18.353,19.711,58.19,68.02,2.471
-27.639,2.728,20.786,330.63,2.948
43.886,2.732,18.682,341.91,2.363
29.845,1.44,4.746,82.84,2.752
-47.661,4.559,31.33,80.4,3.026
41.197,8.286,40.965,328.21,2.939
-30.736,4.716,34.072,140.87,3.075
46.712,2.31,12.575,107.95,2.46
-7.937,2.72,12.465,85.8,2.716
32.329,18.349,56.686,46.43,2.736
-8.038,3.092,22.238,50.37,2.175
-15.535,0.286,-20.139,198.04,1.763
16.387,23.715,65.272,112.75,2.389
-39.889,2.646,20.446,341.15,2.128
-41.185,2.312,15.064,227.91,2.347
21.471,0.432,-17.862,14.23,2.262
-7.228,14.58,54.146,201.99,1.856
-40.329,3.593,28.178,11.31,3.046
26.919,2.831,22.686,125.83,2.005
-11.114,13.926,53.76,233.09,2.355
40.594,1.244,4.011,97.33,2.437
-17.79,2.044,11.699,292.98,2.355
-24.565,2.568,19.468,132.45,3.072
-34.018,0.564,-12.333,1.34,2.814
11.82,0.771,-1.628,332.26,2.337
10.188,0.462,-8.293,359.57,1.974
42.114,16.659,55.699,71.5,2.623
28.188,0.421,-8.546,348.85,2.3
12.392,17.662,55.53,180.1,2.466
53.757,5.248,34.768,161.49,1.725
4.407,9.497,43.247,81.48,2.586
-38.153,18.815,63.475,184.89,2.623
-49.091,19.498,60.543,100.48,2.484
-6.284,1.468,4.22,13.61,2.653
-41.673,2.535,19.396,155.65,2.724
-30.055,17.953,64.449,307.83,2.437
18.938,2.977,23.485,50.04,1.731
-24.711,2.895,23.878,146.76,2.25
5.695,2.027,8.37,205.57,2.578
45.73,14.902,53.235,192.64,1.768
-48.402,17.439,57.048,103.69,2.746
25.661,2.633,19.294,45.05,1.83
15.976,6.0,35.458,245.83,2.869
-26.845,17.135,62.749,205.43,3.062
-23.239,0.339,-22.215,233.12,2.698
-24.147,5.802,36.975,254.65,2.894
-26.835,2.65,19.582,43.46,2.025
-50.199,17.91,57.397,36.56,1.842
34.184,0.629,-6.105,286.84,2.856
46.112,3.713,29.326,278.04,2.383
3.143,0.266,-21.518,232.25,2.883
4.447,1.035,-0.132,136.26,3.067
22.062,0.605,-1.319,16.52,2.991
-48.542,2.521,19.784,237.12,2.615
-15.588,0.249,-15.796,37.76,2.821
-29.423,12.323,50.997,311.51,2.196
32.91,17.195,54.968,194.86,2.422
12.618,0.631,-3.772,344.86,2.349
31.183,1.091,0.352,306.53,2.939
35.313,5.967,35.12,208.51,2.98
12.038,17.514,55.351,10.42,2.57
-14.802,5.687,36.454,302.94,2.908
41.93,12.087,47.68,58.0,2.159
16.174,3.74,28.462,124.28,2.893
27.667,18.899,56.959,148.94,1.765
-23.309,0.316,-19.627,77.63,2.494
48.675,9.177,43.486,154.71,2.653
31.132,2.143,13.678,196.2,2.731
33.02,0.28,-12.681,251.84,1.826
-31.518,3.689,29.897,315.77,3.095
-50.068,22.685,66.091,216.02,1.855
54.053,19.384,65.472,188.38,1.708
-9.378,2.487,11.472,232.51,2.467
-48.08,2.867,23.486,229.34,2.958
-21.538,0.836,-3.089,82.81,2.42
-7.5,19.344,65.228,128.17,2.164
-41.783,2.082,12.099,71.25,2.656
-40.497,2.191,13.035,264.62,1.938
51.442,6.696,38.671,37.04,2.515
-42.826,5.199,33.873,224.34,2.083
16.573,24.082,65.862,169.46,2.315
-24.873,0.386,-15.665,147.23,2.631
-9.521,3.007,21.78,157.56,2.128
-21.688,0.375,-24.603,83.93,2.98
-40.949,2.847,23.289,165.47,2.813
-7.269,1.605,5.189,145.3,2.085
-42.538,1.659,7.165,172.98,1.935
38.302,1.993,10.678,135.67,2.407
-28.064,0.529,-9.427,341.38,1.819
-34.43,0.682,-1.123,241.65,2.05
-54.442,16.441,53.862,98.4,2.229
10.295,22.4,63.943,205.99,1.734
-16.177,0.617,-5.063,272.01,2.867
-19.078,1.555,5.691,284.96,1.76
14.288,2.72,19.09,183.89,2.654
-21.227,15.918,59.731,350.86,2.264
-46.512,13.983,51.594,8.35,2.341
-51.757,14.814,51.78,285.95,3.021
-24.295,0.595,-6.832,153.42,2.049
3.73,0.18,-17.094,190.68,2.783
4.038,1.032,-0.208,17.71,1.863
-15.226,5.272,35.141,11.44,2.057
-22.281,6.969,40.142,79.08,2.552
1.828,3.161,19.281,285.75,3.013
-40.552,1.455,5.291,166.51,2.6
-22.525,1.63,6.851,206.5,2.664
51.769,19.749,65.569,14.57,2.23
-32.733,0.532,-9.124,58.72,2.951
-18.515,13.416,54.067,57.82,2.439
54.996,4.329,31.485,241.23,2.674
-4.927,3.528,27.776,249.2,2.443
14.524,24.172,66.225,301.08,2.32
16.9,0.405,-20.582,84.75,2.415
33.699,1.127,0.591,21.65,2.986
18.367,20.209,59.058,200.63,2.003
7.514,5.641,34.284,315.88,1.728
-39.21,2.306,13.932,305.53,2.423
-9.888,10.301,46.359,137.73,1.83
10.369,19.332,58.667,277.91,2.576
-3.466,9.858,44.691,11.84,2.937
-27.425,2.734,21.054,44.87,2.975
-41.133,17.926,60.22,316.65,2.052
-16.326,1.82,8.533,169.77,2.257
-9.676,13.22,51.949,50.96,2.641
31.518,11.262,45.476,38.3,3.096
13.534,6.462,36.428,212.83,2.093
45.653,11.001,46.283,286.92,2.021
24.012,0.383,-21.087,86.29,2.802
-39.215,6.296,37.556,346.89,2.393
30.549,1.706,7.734,141.39,2.555
-42.533,14.049,52.449,325.63,2.455
0.155,0.297,-16.466,88.65,2.433
-22.19,3.113,25.535,309.35,2.397
2.687,22.786,67.205,226.49,2.044
-42.482,2.328,16.015,36.02,2.398
49.993,17.265,59.413,139.19,3.011
12.094,0.279,-14.342,10.26,2.255
18.8,4.201,30.468,149.15,2.619
15.259,5.985,35.381,333.83,1.946
-4.463,18.673,62.411,350.47,2.169
-11.364,0.946,0.655,344.19,2.612
-49.306,7.285,38.748,30.65,1.887
43.886,4.224,31.308,204.13,2.552
-15.711,0.269,-19.043,356.91,3.0
20.332,1.161,4.387,297.35,2.236
36.127,23.249,65.825,251.4,2.529
-8.196,3.848,30.184,199.2,2.532
34.021,7.94,39.537,81.32,2.801
43.421,1.187,4.09,15.26,1.822
-23.04,0.431,-10.829,338.25,1.95
9.725,11.361,45.928,348.09,2.623
25.902,0.326,-12.354,63.58,2.553
6.309,13.992,50.765,248.18,1.938
2.334,18.429,59.164,340.18,2.279
27.107,15.221,51.19,181.55,2.103
-46.61,8.5,41.621,216.5,2.35
40.354,2.282,13.242,216.85,2.658
-49.487,5.443,34.138,290.67,2.551
2.289,22.575,67.01,59.88,1.729
11.621,2.052,10.754,8.13,2.271
-5.462,4.381,32.279,21.23,2.775
-53.009,10.702,44.825,350.06,2.3
-53.724,2.687,19.972,235.72,2.932
3.389,1.122,0.68,178.64,2.382
-46.337,3.618,27.68,211.62,2.806
27.273,1.403,5.032,210.66,2.862
34.731,2.075,12.531,71.71,2.53
48.896,1.67,7.659,152.13,1.809
38.909,2.59,19.138,135.22,2.918
-41.432,0.621,-5.938,279.05,1.879
-53.131,2.66,19.777,204.44,1.933
47.227,1.323,5.209,31.31,2.162
-43.944,12.635,49.727,311.26,2.881
-8.539,8.172,42.083,265.67,2.027
37.473,11.337,46.082,81.03,1.902
-48.53,2.546,20.184,69.27,2.466
-24.819,1.332,4.088,152.86,1.891
-34.199,2.165,11.333,91.42,2.461
-23.017,0.749,-4.064,191.08,2.665
-24.362,17.445,63.605,77.0,2.694
7.235,0.232,-12.595,216.87,2.198
33.838,1.122,0.536,101.56,1.993
-35.34,2.724,19.025,123.55,2.355
26.563,0.319,-12.19,191.4,3.088
-19.036,0.583,-6.528,145.12,1.896
29.415,19.081,57.437,185.4,2.473
4.002,9.394,43.096,234.52,2.619
33.759,18.033,56.408,233.76,1.732
-10.673,0.423,-6.378,286.32,2.635
38.194,0.543,-7.301,73.53,2.946
-36.574,0.51,-10.297,159.39,2.973
13.196,1.617,7.501,289.23,2.135
49.459,5.516,35.67,231.2,2.799
-23.532,1.818,9.003,209.82,1.989
-13.665,3.221,26.159,286.81,2.938
-17.929,2.613,21.061,103.11,2.382
33.244,7.408,38.353,193.27,2.147
-53.263,22.991,65.773,29.6,2.309
13.861,1.437,6.264,139.43,3.011
31.455,0.374,-10.104,73.78,2.556
-45.152,12.647,49.551,140.53,2.034
-21.453,0.275,-15.407,268.38,2.374
49.395,5.16,34.653,329.44,2.126
-14.189,1.516,5.363,348.95,2.467
9.798,9.268,42.242,28.37,2.527
36.331,1.361,3.955,194.77,2.492
-25.284,0.375,-20.143,179.72,2.996
39.717,1.52,6.241,214.18,3.059
19.711,1.076,3.783,255.55,2.977
50.082,16.215,57.144,179.88,2.609
47.499,7.137,39.376,312.85,2.697
-24.763,1.027,0.646,165.25,1.958
27.579,0.444,-7.778,108.05,2.673
36.792,0.554,-7.119,40.08,2.754
-47.725,2.312,16.367,319.82,2.724
-52.121,2.709,21.227,337.29,2.988
54.086,12.292,50.429,328.76,2.356
3.069,3.462,25.858,296.18,2.853
-53.285,2.379,14.508,189.24,2.737
53.358,5.26,34.827,181.74,2.671
25.33,7.581,38.598,51.5,2.979
15.767,6.73,37.053,296.25,2.816
9.086,6.157,35.623,144.44,2.271
42.397,3.436,27.45,295.2,2.637
12.931,2.144,11.597,203.24,2.128
-29.666,3.325,27.558,148.01,2.038
53.151,14.744,54.988,257.14,2.469
27.788,2.146,12.678,164.49,2.158
21.272,0.406,-5.162,128.51,2.9
-12.569,17.795,63.126,209.18,1.773
-9.534,3.332,26.826,76.51,1.726
28.72,2.261,14.655,174.4,2.352
-26.533,3.234,26.601,135.95,2.324
-4.192,17.458,59.541,229.76,2.719
-12.555,14.038,54.354,199.93,2.885
-46.205,16.008,55.125,332.87,2.739
30.26,2.098,12.824,192.52,2.712
-48.271,17.626,57.408,216.43,2.494
40.616,2.941,23.742,215.35,1.992
7.945,2.87,20.981,327.42,2.159
-51.287,3.095,24.878,30.83,2.956
-27.208,0.93,0.65,125.91,2.876
-34.831,11.486,48.585,80.68,2.379
19.59,6.653,36.903,310.25,2.25
36.073,0.779,-3.551,197.67,2.962
37.648,2.803,22.691,320.43,1.877
-44.971,2.388,17.894,20.34,2.326
-27.687,0.684,-2.877,219.48,2.335
38.615,15.226,52.589,241.33,2.068
-41.878,1.792,8.686,99.19,2.592
17.433,2.436,13.837,5.03,2.007
35.319,1.115,0.772,206.08,1.805
1.896,0.784,-2.744,232.73,2.021
2.775,3.456,25.796,129.05,2.804
0.372,16.856,56.79,341.9,3.067
-6.294,6.036,37.24,321.05,1.833
-47.407,5.92,35.482,185.65,2.728
-12.647,2.757,19.4,9.28,1.812
-44.279,1.586,6.202,99.71,2.619
-3.295,16.841,57.863,206.75,2.646
24.094,2.772,21.232,171.18,2.187
22.867,0.409,-19.865,20.22,1.76
-39.95,1.872,9.413,72.23,2.719
-16.741,4.087,30.618,237.89,2.869
47.893,7.02,39.155,85.49,1.964
5.091,2.003,7.905,11.64,1.864
-20.516,15.174,57.983,318.39,2.291
-21.425,0.591,-6.878,345.61,2.121
24.954,11.758,45.692,144.77,2.648
27.952,6.115,35.304,133.64,1.718
15.265,16.256,52.809,307.83,3.078
-46.773,1.254,2.142,310.53,3.09
31.259,2.896,23.593,256.01,1.817
-43.446,3.27,26.136,78.53,3.002
-43.024,19.315,62.293,79.27,2.066
-32.691,16.334,59.581,10.22,3.017
53.309,4.804,33.352,252.23,2.482
18.697,5.498,34.32,307.75,2.598
-15.913,11.115,49.057,122.67,1.744
-39.081,0.531,-7.484,119.1,2.756
4.565,5.564,34.3,178.67,2.302
23.24,0.851,1.107,208.93,2.612
-20.268,2.629,21.514,124.05,1.769
31.62,3.055,24.572,111.35,2.484
47.398,18.495,61.247,110.84,2.904
0.681,9.911,44.398,13.7,1.941
48.066,19.693,64.141,281.58,2.778
-18.44,10.994,49.104,99.78,2.218
31.507,0.438,-8.954,45.94,1.759
24.825,0.365,-20.689,197.08,2.029
-50.411,15.442,53.142,255.4,1.987
-32.372,2.684,17.153,294.29,2.832
36.909,0.504,-8.277,268.02,3.047
38.152,13.607,49.869,246.06,2.098
3.711,8.754,41.895,187.67,2.494
-35.918,8.727,43.227,40.26,1.891
-24.194,7.175,40.666,329.38,3.061
12.914,1.132,3.469,209.6,2.419
52.062,4.076,30.716,91.67,2.586
52.051,2.035,10.885,92.64,3.022
15.392,1.107,3.826,209.88,2.704
-52.309,2.444,15.961,163.8,1.845
29.2,1.688,7.612,34.0,2.146
12.689,6.537,36.562,182.73,2.453
-40.272,20.174,65.372,110.23,2.679
-24.736,6.314,38.462,263.05,1.983
-46.037,21.165,64.675,229.0,2.052
-19.654,18.364,65.591,157.68,2.073
-24.865,10.066,47.045,85.73,2.319
-7.982,14.282,53.715,302.98,2.961
22.867,0.395,-15.785,315.11,2.798
2.432,0.232,-18.782,82.18,2.041
30.449,17.651,55.328,270.73,2.885
31.631,0.343,-10.852,354.55,2.244
-44.529,18.459,60.034,270.55,2.292
-24.435,17.632,64.083,179.25,2.852
-29.955,16.161,59.809,289.31,2.638
-27.401,1.587,6.934,7.27,1.872
-35.962,3.617,29.077,318.15,1.736
18.699,22.028,62.22,242.57,2.499
-38.967,4.764,33.209,43.92,2.724
32.165,0.357,-10.565,249.36,1.796
-34.763,5.608,36.439,124.2,2.586
-8.263,6.099,37.545,185.62,2.701
14.512,8.644,40.747,349.98,1.911
-15.342,7.454,41.101,128.8,2.981
28.144,1.816,8.985,357.15,2.326
-22.87,2.117,12.818,74.0,2.718
-52.121,3.637,27.975,343.54,2.497
-21.785,0.385,-11.3,318.67,1.837
-10.239,8.375,42.664,241.43,2.012
30.038,2.047,12.031,307.03,2.552
53.923,2.51,18.315,280.83,2.168
-31.538,13.091,52.236,273.92,2.381
12.701,19.028,57.733,244.85,1.761
5.664,3.946,28.499,19.63,3.024
-17.789,3.784,29.163,243.81,2.429
-39.252,19.857,65.222,272.07,1.986
17.04,0.387,-14.206,205.18,2.82
-21.908,7.139,40.565,172.05,2.527
-16.533,0.798,-2.746,33.88,2.599
-45.476,1.642,6.856,54.44,2.496
3.549,7.185,38.569,340.39,2.8
3.059,0.83,-2.359,234.84,1.726
37.184,10.098,43.93,310.24,3.007
45.577,2.379,13.178,274.09,1.886
14.445,0.34,-13.922,89.42,2.743
29.846,25.382,67.743,185.14,2.905
37.683,3.196,25.555,306.75,2.796
-49.537,21.844,64.738,28.84,2.016
18.07,3.395,26.774,8.02,2.493
6.046,6.934,37.697,28.3,2.969
23.983,1.165,3.782,351.15,2.496
1.235,6.057,36.193,186.77,2.344
18.347,7.761,39.065,83.39,2.653
-30.088,8.09,42.453,182.54,2.06
20.49,21.892,61.869,303.67,2.929
35.237,6.313,36.008,89.14,1.905
-10.007,2.133,9.22,144.77,1.863
10.228,2.245,12.202,130.72,1.741
19.936,0.795,1.33,291.98,2.658
26.775,17.931,55.338,10.02,2.527
37.053,0.507,-8.21,165.83,2.184
-42.678,2.506,19.375,62.33,2.35
-24.298,1.492,5.607,31.0,2.782
-37.68,0.624,-3.872,22.56,2.937
31.979,0.482,-8.219,271.88,2.972
43.105,3.893,29.879,137.02,2.286
52.992,2.505,17.48,280.89,2.358
-16.006,0.503,-6.8,107.65,2.692
-34.717,2.83,22.025,183.67,2.81
-21.195,6.739,39.499,327.24,2.494
-7.37,1.175,2.498,305.53,1.744
32.783,7.563,38.652,19.15,1.982
3.55,4.055,29.101,253.35,2.283
-12.953,2.871,22.474,217.11,2.242
-29.37,10.885,48.102,207.63,2.748
-3.029,13.982,52.083,230.32,2.366
-28.278,12.414,51.379,274.7,1.75
-11.915,14.903,56.083,112.81,2.149
-47.572,11.861,47.761,25.81,2.585
21.684,0.359,-24.177,177.1,2.532
-19.146,0.692,-4.959,105.69,2.917
-5.334,10.833,46.656,249.85,2.746
-11.285,1.145,2.409,246.15,2.647
-0.869,0.354,-21.825,87.16,1.887
-25.036,6.681,39.436,66.99,2.964
-9.985,12.236,50.075,117.95,2.027
18.739,10.185,43.147,170.66,2.511
9.15,0.212,-19.697,224.39,3.081
-3.531,3.482,26.929,193.77,1.851
-41.797,9.499,44.211,212.24,3.058
8.399,0.17,-18.01,195.34,2.609
31.584,17.855,55.798,53.57,1.779
9.792,21.521,62.526,110.15,2.349
12.696,0.319,-21.218,357.14,2.56
-29.911,9.118,44.547,218.38,2.474
23.112,11.914,45.83,4.33,1.991
-9.894,2.973,20.639,323.26,2.124
37.883,12.28,47.676,311.5,2.376
6.796,4.025,28.821,284.14,2.926
31.825,1.842,9.464,314.84,2.413
-6.216,13.971,52.672,337.67,2.02
-4.61,16.222,56.942,168.21,1.73
-27.446,5.45,36.192,4.45,2.513
-38.94,2.705,21.102,197.12,1.732
25.464,5.525,34.051,70.35,2.219
-32.597,0.549,-10.537,9.5,1.899
53.926,20.492,67.844,16.85,2.281
-22.476,1.473,5.069,201.63,1.889
6.307,2.135,9.496,217.91,2.72
24.904,12.2,46.372,291.48,2.245
45.175,3.151,25.75,168.52,2.424
29.75,20.344,59.504,294.29,1.774
1.288,20.568,63.688,188.54,2.25
-10.507,7.028,39.843,252.63,3.064
16.693,4.499,31.405,59.83,2.362
10.484,2.84,21.573,47.19,2.223
7.798,0.19,-13.946,123.99,2.841
-45.063,11.967,48.377,100.0,2.773
-1.086,2.364,8.58,353.2,3.059
-20.209,4.821,33.469,258.48,1.76
6.746,14.047,50.777,81.22,2.281
26.068,2.532,17.426,238.06,3.082
39.979,13.47,49.804,325.0,1.836
-52.665,2.576,18.118,152.3,2.45
35.239,9.572,42.818,239.7,2.647
-30.841,2.787,20.627,71.45,2.122
9.749,24.277,67.236,68.21,2.614
-12.323,0.336,-15.901,86.01,2.427
-32.097,1.53,6.714,284.33,2.656
-13.823,0.362,-24.633,125.08,1.806
-26.462,0.752,-2.426,295.73,2.931
-29.245,0.672,-2.02,193.07,2.38
-37.924,8.636,42.868,135.08,2.513
49.796,4.107,31.032,334.93,1.934
2.121,0.305,-22.492,74.16,3.005
9.665,11.458,46.1,12.19,2.822
-0.097,0.316,-12.716,357.82,1.852
-43.896,2.804,23.063,113.24,2.478
-9.581,0.701,-1.528,246.76,2.676
44.9,15.384,53.941,109.36,2.907
-16.765,8.571,43.808,135.23,2.251
10.556,6.7,36.911,306.4,1.745
-18.222,0.245,-19.477,74.8,2.861
-49.091,12.204,48.056,306.86,2.779
-39.931,2.154,12.394,296.73,2.487
-18.93,0.226,-16.952,57.7,2.327
27.443,0.777,-1.995,247.59,3.032
-23.669,2.563,19.955,288.73,2.335
29.03,7.188,37.739,196.52,2.392
-47.765,9.793,44.018,54.31,2.792
-13.801,9.339,45.1,359.82,1.917
-54.547,2.367,13.802,183.69,2.577
17.158,23.132,64.238,270.96,2.398
38.121,2.324,14.851,166.45,2.069
15.301,18.069,55.735,27.18,3.09
-13.238,0.302,-13.753,178.31,2.365
-39.857,11.086,47.388,131.42,1.74
-18.516,0.248,-19.719,273.14,2.078
-33.646,17.523,62.319,2.03,2.069
-37.45,1.591,6.943,207.5,2.96
-1.697,15.897,55.48,176.25,2.907
-2.047,4.096,30.441,236.39,2.383
-6.906,5.613,36.237,338.26,2.78
5.787,3.212,24.209,351.62,1.897
4.209,15.423,53.458,206.32,2.785
-45.382,1.164,0.944,41.91,2.833
-7.63,4.464,32.748,124.5,2.098
24.426,2.404,14.466,183.41,2.523
-43.724,19.273,61.915,260.67,2.877
31.4,4.254,29.784,27.54,2.202
-1.126,10.744,46.065,186.84,2.697
-26.221,1.423,5.312,138.8,1.941
54.022,19.135,64.901,76.09,2.738
-13.572,2.739,20.495,131.85,2.533
24.89,16.975,53.668,221.7,1.742
48.583,7.903,41.037,191.15,2.876
19.654,0.363,-6.997,223.63,3.006
36.512,19.701,59.749,39.04,3.01
-25.667,12.44,51.829,209.72,3.051
4.714,8.784,41.842,124.71,3.03
-41.817,5.923,36.145,264.41,2.826
6.188,0.171,-18.969,21.72,2.843
-47.99,2.41,18.024,48.22,2.552
-4.416,0.396,-10.186,99.04,2.468
-31.249,0.549,-4.39,15.05,1.885
18.325,8.036,39.571,343.69,2.589
19.71,2.769,19.158,266.93,1.87
13.283,0.305,-15.665,6.04,1.752
-33.554,5.814,37.092,193.9,2.414
14.238,20.635,60.239,304.07,2.657
19.936,0.435,-16.646,192.43,1.79
-6.284,3.957,30.557,181.71,2.314
-4.223,11.775,48.216,60.03,1.708
0.381,19.092,61.159,41.47,3.029
-45.758,2.031,12.111,317.49,2.078
48.015,11.455,47.465,91.28,2.103
46.062,13.362,50.469,307.97,1.838
5.392,0.25,-11.844,312.78,2.937
31.705,0.217,-14.98,29.91,1.934
-22.227,1.64,6.92,244.0,3.024
0.099,0.697,-3.369,332.17,1.801
21.838,5.435,34.105,118.06,2.826
-43.502,1.119,0.681,322.83,3.048
-47.21,2.773,22.78,39.23,2.458
-49.273,1.59,6.493,61.72,2.328
-12.739,0.349,-19.971,200.25,3.085
-9.724,0.42,-16.965,333.1,3.097
0.404,3.463,26.019,228.5,3.043
-10.967,0.395,-19.922,232.01,2.099
-7.399,15.149,55.413,338.35,3.045
2.402,6.806,37.858,259.03,2.203
-3.108,8.875,42.842,315.92,2.982
10.626,2.15,11.405,24.98,2.02
21.059,2.329,12.871,199.92,2.349
-31.672,1.875,9.142,323.06,2.89
-20.816,16.133,60.216,291.39,2.357
-36.379,8.424,42.588,7.05,2.271
-25.624,10.433,47.71,195.02,1.979
-22.764,1.439,4.748,338.68,3.088
12.763,1.926,9.815,26.51,2.028
25.672,0.346,-19.858,235.74,2.208
28.875,3.719,27.857,290.8,2.784
-14.535,14.694,56.203,312.94,2.121
-14.982,6.947,39.874,278.03,1.757
33.484,3.022,24.418,2.63,2.438
13.316,0.309,-14.593,76.28,2.407
53.469,5.022,34.088,164.02,1.848
2.906,3.25,23.88,276.3,1.828
-1.072,22.013,67.639,75.03,2.227
-32.74,9.325,44.672,25.28,3.09
-51.008,4.727,32.048,248.37,2.876
-3.722,17.937,60.423,75.08,2.438
-0.593,18.725,60.812,321.03,2.362
-51.711,5.309,33.836,220.97,1.994
-7.877,16.565,58.792,340.43,1.732
-49.021,2.663,21.572,293.91,2.185
7.18,1.799,7.311,111.04,1.826
-44.752,9.208,43.29,156.92,3.042
13.964,15.301,51.495,196.54,3.073
-22.71,13.035,53.354,175.05,1.957
-32.296,8.736,43.565,339.07,2.123
-32.776,9.444,44.897,166.66,2.33
-24.198,0.514,-8.905,98.1,2.151
39.884,0.624,-4.523,60.91,2.341
26.559,4.611,31.291,141.86,2.368
-29.023,1.088,2.978,127.23,2.609
-2.219,1.312,2.516,332.46,1.799
18.645,3.482,27.288,114.55,2.237
3.983,0.262,-21.858,241.39,1.962
-47.066,22.586,66.959,116.9,2.181
14.678,17.241,54.474,241.79,2.158
-31.84,1.747,8.233,215.91,2.263
5.801,10.343,44.662,225.34,2.622
-24.919,7.442,41.311,193.06,1.731
-54.558,3.222,25.81,190.15,3.06
-2.35,3.38,25.492,277.83,2.636
4.669,18.025,57.766,336.93,1.781
2.177,0.276,-21.076,105.32,2.209
17.369,1.095,3.95,290.19,1.89
-13.52,0.342,-21.284,26.57,2.003
13.559,12.716,47.535,53.56,2.179
25.06,3.363,26.397,208.21,2.552
-21.306,17.356,63.235,215.4,2.568
-20.058,6.544,38.927,142.91,2.985
-12.36,6.937,39.727,122.1,3.094
-38.228,2.504,16.201,29.27,3.007
-8.261,14.261,53.739,7.9,2.307
21.677,0.645,-0.693,131.13,2.24
25.65,9.871,42.701,335.43,2.443
39.672,2.74,21.567,199.1,3.002
-3.025,15.345,54.695,292.31,2.65
-13.883,0.327,-20.711,130.43,1.789
-37.565,7.226,39.984,266.73,2.901
24.115,2.451,14.908,159.24,2.629
-14.092,1.179,2.313,35.77,2.49
-19.774,7.321,40.983,208.84,1.918
39.609,0.624,-4.649,257.61,2.351
-33.038,3.101,25.747,58.97,2.41
-38.889,1.754,8.253,195.11,2.938
-3.22,1.09,1.165,151.46,2.806
23.915,10.221,43.205,145.94,2.703
-46.925,19.766,61.702,236.57,1.741
-40.863,18.832,62.233,181.87,2.322
15.41,13.019,47.767,92.71,2.485
-20.461,0.257,-19.548,189.96,2.868
49.037,3.214,26.301,229.89,2.964
18.415,6.299,36.187,319.92,1.851
-36.236,2.789,21.471,209.61,1.825
11.664,0.281,-13.546,132.68,2.34
-5.157,15.671,55.913,219.06,2.883
41.633,10.811,45.503,55.85,2.163
3.666,0.81,-2.707,246.53,2.479
43.848,6.702,38.107,135.57,2.675
23.975,0.796,0.26,167.76,2.931
-8.394,8.16,42.045,66.13,2.877
19.07,11.817,45.663,16.47,2.831
-3.616,15.418,54.988,206.67,2.282
-37.372,19.148,64.607,43.65,2.859
42.986,12.086,47.796,114.99,2.903
26.689,10.794,44.288,71.21,2.584
29.245,4.699,31.327,244.8,2.472
40.588,2.624,18.408,225.5,3.019
0.915,2.338,8.706,174.15,2.227
-13.599,2.303,12.614,327.93,2.912
3.612,0.195,-18.509,291.73,2.756
33.145,2.139,13.753,153.57,2.317
18.583,1.31,5.531,22.6,2.917
46.9,3.826,29.928,199.22,1.754
-25.893,0.391,-20.874,207.96,2.089
-109.495,27.334,80.202,74.53,1.821
-9.296,42.211,92.297,169.0,2.531
68.956,3.0,24.783,40.23,2.73
-103.781,22.009,72.395,117.33,1.715
48.068,35.706,84.496,52.41,1.731
55.267,12.757,51.599,107.95,2.749
-91.467,25.521,73.472,55.64,2.594
17.841,25.717,68.259,176.4,2.432
47.825,22.479,69.439,196.11,2.51
39.455,44.708,89.201,329.28,2.464
94.198,14.272,51.111,280.3,1.715
67.153,47.194,101.94,95.37,1.765
88.657,19.143,61.691,350.38,1.921
-77.826,6.391,36.272,254.78,2.687
74.124,5.378,36.159,12.09,2.434
-81.598,25.708,70.27,214.1,1.753
-102.807,16.644,60.316,269.08,2.26
-52.838,6.082,35.894,104.04,2.02
-77.321,24.937,67.719,252.25,2.835
-43.898,44.324,91.096,256.36,1.989
68.632,20.618,71.157,88.29,1.74
74.092,5.009,35.048,27.22,2.0
100.261,29.375,74.303,149.03,1.958
-45.48,25.287,72.16,59.82,2.007
34.574,28.901,73.771,173.31,2.091
-57.791,6.051,35.835,257.44,2.776
93.297,30.882,77.942,303.08,2.116
-84.786,10.339,44.413,224.19,2.164
93.914,37.15,83.449,334.79,2.559
-16.006,23.644,75.397,173.72,2.817
-48.96,28.399,75.081,326.44,2.737
111.483,30.952,74.553,243.99,2.014
-68.949,34.042,77.809,340.1,1.701
-66.768,2.649,20.767,151.77,3.074
76.351,16.502,60.241,77.21,2.781
39.56,40.87,86.201,263.13,3.078
88.57,23.844,70.633,196.84,2.484
93.033,23.935,69.177,16.82,2.558
-46.444,1.535,5.552,76.48,1.743
106.469,25.915,68.382,136.3,2.108
-53.354,5.891,35.425,29.73,2.071
-117.053,46.419,99.781,349.95,2.629
-83.824,21.328,63.804,179.33,2.317
35.042,44.025,87.521,135.67,1.79
-79.064,29.947,74.901,12.61,2.746
-79.97,6.225,36.187,218.98,2.886
66.091,5.129,35.203,282.61,2.874
55.415,30.351,82.001,222.37,2.633
-53.046,1.723,7.999,37.55,2.797
-32.764,41.356,92.388,152.09,2.593
47.713,4.421,32.311,131.58,2.91
33.875,30.055,74.964,182.72,2.879
106.381,37.182,80.894,129.09,2.102
93.658,14.925,52.36,74.85,2.442
-73.959,35.886,79.959,22.49,2.692
-53.044,4.195,30.352,284.94,2.414
58.449,13.463,53.609,170.97,2.512
-95.445,23.754,72.358,57.88,2.064
56.484,8.469,43.165,305.16,2.499
19.837,27.034,69.961,314.44,2.317
50.432,33.763,83.582,199.83,2.032
-39.768,21.446,68.204,347.38,2.243
-76.014,14.236,50.074,43.43,1.914
-7.271,27.749,78.101,163.04,2.673
-122.125,40.005,91.19,231.26,2.126
80.49,21.176,69.266,131.58,2.339
-65.816,2.644,20.254,160.52,2.663
3.392,44.731,89.885,139.9,2.902
-30.455,45.37,97.511,341.4,2.681
59.011,3.966,29.899,119.61,2.35
87.478,34.579,83.46,110.66,2.816
34.646,29.396,74.392,297.87,2.989
60.54,43.94,95.827,83.76,2.111
98.08,21.436,63.228,114.18,2.848
67.946,23.259,75.387,227.31,2.526
-25.926,27.367,80.344,17.85,2.558
-9.574,45.693,95.95,312.14,1.883
-49.632,1.233,2.573,75.0,1.854
31.103,24.394,66.381,54.0,1.953
105.026,31.182,75.363,56.31,1.89
95.823,21.192,63.462,178.9,2.571
23.097,36.52,79.868,136.69,2.945
109.565,42.031,84.562,284.51,2.324
54.891,32.083,83.489,13.57,1.957
82.39,9.728,45.298,167.81,2.298
63.396,8.781,44.307,111.55,2.228
81.955,10.572,47.013,359.97,2.877
-72.397,6.731,36.55,18.57,2.562
54.725,2.909,23.979,88.83,2.391
-16.943,39.631,91.758,197.85,2.963
-84.65,34.082,80.436,239.33,1.801
69.039,29.965,82.984,300.95,2.246
19.319,27.482,70.571,236.98,2.72
-45.63,23.236,68.706,177.68,2.016
100.284,23.294,65.86,149.22,1.779
55.098,2.69,21.927,157.32,1.739
-73.488,12.69,47.574,216.45,2.187
70.311,4.354,32.954,247.23,2.899
-24.112,31.75,84.92,0.1,1.719
115.955,42.236,84.724,216.03,2.253
47.273,34.929,83.549,170.99,1.859
54.694,22.221,71.41,18.34,2.094
-105.446,22.431,73.492,200.51,2.917
68.578,11.25,49.153,155.14,2.661
-58.99,2.797,20.459,61.95,2.574
65.45,32.905,85.919,237.63,2.587
-40.931,35.162,84.447,39.39,2.835
-34.122,43.228,93.827,297.48,3.08
78.68,30.045,81.718,232.96,1.869
-52.208,2.611,19.371,178.9,2.722
-96.358,30.15,80.694,116.56,2.497
-38.762,30.28,80.514,238.74,1.935
-59.386,4.467,31.508,219.5,2.877
-21.637,27.983,81.286,201.95,2.822
-111.969,24.769,77.332,177.18,2.718
-5.104,22.96,71.084,109.28,2.818
-50.372,2.003,11.057,212.53,1.762
-107.212,21.784,72.79,351.49,2.577
-89.786,21.535,66.351,148.25,1.788
-46.615,29.11,76.75,357.6,2.461
-82.442,13.19,48.801,174.64,2.74
-49.913,8.499,41.226,335.97,1.903
73.307,24.378,76.363,41.09,1.856
76.352,19.117,66.687,290.79,2.529
0.258,39.076,86.339,151.6,1.731
54.103,21.281,69.476,12.85,1.952
52.794,18.397,62.856,224.75,2.47
-48.755,34.072,81.056,203.69,2.181
62.019,20.075,69.292,290.13,2.574
-67.628,21.43,60.789,61.95,2.115
64.038,9.502,45.849,270.44,2.425
-65.883,2.619,19.81,121.26,2.652
-66.601,3.875,28.565,42.95,2.051
-49.867,4.334,30.601,250.73,2.973
48.637,1.944,9.696,42.72,2.012
-95.474,27.234,77.181,207.58,2.175
-117.498,31.902,84.664,14.67,1.802
-47.785,22.96,67.345,108.95,2.972
5.877,28.736,74.873,168.96,2.72
-92.26,14.781,53.671,258.71,2.991
-25.759,18.962,67.345,32.48,2.364
-85.569,13.043,48.972,243.32,2.697
-21.173,21.954,73.338,168.62,1.779
68.239,13.86,54.837,47.04,2.727
109.214,31.691,75.476,56.26,2.046
68.08,15.66,59.324,12.39,2.067
62.176,19.259,67.512,259.8,1.803
-56.487,18.282,56.607,58.01,2.001
50.079,4.444,32.335,99.11,2.292
2.804,27.855,74.837,242.74,2.004
-2.956,38.923,87.198,161.14,2.406
-12.233,28.141,80.016,45.31,1.768
-53.735,5.673,34.882,237.71,2.685
6.834,31.355,77.552,21.35,1.964
80.363,5.192,34.581,178.65,1.827
-77.301,20.877,60.885,248.11,2.52
-88.685,18.122,59.071,245.54,2.187
57.091,5.36,35.068,171.78,2.934
-55.035,10.019,43.421,66.58,2.22
-14.303,21.925,72.314,268.42,1.877
-49.157,16.255,54.818,286.13,2.551
-16.894,19.488,67.93,253.51,1.838
-112.937,25.955,78.734,226.24,2.964
-44.253,26.137,73.897,309.71,3.042
52.144,7.078,39.597,152.76,2.869
58.876,20.292,68.911,41.54,2.789
102.143,26.19,69.806,349.71,1.895
-106.486,19.307,67.94,40.18,2.313
-58.195,6.347,36.465,93.86,2.089
0.068,23.672,69.994,246.85,2.95
-105.864,32.16,84.728,268.8,2.887
-35.525,20.028,67.382,304.67,2.43
-76.904,14.785,50.958,115.7,2.407
-75.175,16.035,52.789,18.53,2.28
48.837,43.216,91.266,25.7,1.952
63.467,23.899,76.141,154.18,2.561
-21.875,18.83,66.922,277.1,2.791
63.1,9.607,46.078,145.63,3.037
-71.976,3.522,26.817,173.13,2.057
-9.207,27.58,78.496,211.41,1.856
67.809,14.1,55.427,311.65,2.617
-115.951,47.124,101.386,328.2,2.141
71.537,13.328,53.334,63.58,2.582
9.431,37.667,82.645,236.87,1.774
62.457,9.262,45.338,29.24,2.262
-7.522,30.305,80.819,241.13,1.908
86.532,40.785,88.97,206.86,2.193
-46.638,17.5,57.633,178.86,2.587
-79.99,19.713,59.522,238.5,2.116
-124.201,43.588,93.889,278.36,2.088
-97.721,25.258,75.454,322.58,2.595
-99.062,30.928,82.273,70.61,2.998
-9.688,34.687,85.59,117.07,2.951
-14.867,21.049,70.815,83.84,2.458
19.755,26.171,68.756,235.63,2.598
-69.442,7.622,38.478,111.69,2.264
-76.127,15.19,51.55,195.14,3.065
-94.795,30.584,80.594,319.98,2.433
72.268,17.982,65.191,30.73,2.979
72.636,15.306,57.993,288.86,2.865
77.622,28.126,79.973,305.79,2.375
-65.914,26.992,69.625,0.3,2.691
53.55,3.191,26.024,182.93,2.377
109.631,42.804,85.136,288.65,2.104
-120.33,46.387,98.488,29.66,2.197
72.321,8.162,42.729,343.42,2.162
98.98,29.176,74.399,334.64,2.979
-68.665,25.204,66.836,67.79,2.304
-68.372,25.365,67.087,121.9,1.889
60.992,5.593,36.053,194.31,2.42
18.683,35.317,78.902,279.4,2.117
48.831,38.899,87.514,104.24,2.02
-16.233,27.521,80.282,123.06,2.43
-16.785,46.605,99.59,136.2,2.873
-43.236,35.009,83.638,203.41,2.597
-29.008,22.257,73.281,184.97,1.867
97.506,43.515,87.506,143.09,2.012
56.723,16.769,60.224,75.93,2.32
48.319,1.564,6.912,36.87,2.86
-75.458,4.196,29.687,264.88,2.154
25.392,29.937,73.506,257.94,2.148
71.153,12.001,50.494,97.36,2.192
-78.478,12.553,47.529,285.62,3.022
53.213,5.849,36.557,108.39,1.882
92.265,29.135,76.418,124.25,1.823
-78.128,15.775,52.593,241.19,2.308
-87.512,16.329,55.186,321.67,2.016
-99.49,31.947,83.345,288.49,1.748
-60.076,24.612,66.965,323.41,2.883
62.278,4.924,33.988,26.31,1.779
34.885,25.188,68.61,303.27,2.944
30.489,39.247,82.963,242.99,2.586
84.984,31.491,81.451,171.38,1.703
-79.835,23.942,66.926,211.45,2.17
-21.647,19.183,67.751,71.93,2.096
66.391,7.273,40.925,61.59,2.061
-47.721,16.322,55.29,88.56,1.937
57.793,11.245,49.115,221.06,3.016
-101.29,27.384,79.131,36.72,2.478
-52.321,2.683,20.701,44.49,1.802
-111.241,24.981,77.574,197.77,2.252
58.999,4.399,31.699,26.95,2.997
-45.113,25.203,72.184,322.82,1.803
-106.307,21.326,71.868,188.71,2.161
-41.09,30.44,80.025,129.64,2.103
-114.713,29.163,82.164,158.64,1.916
-47.21,34.463,81.921,105.18,2.834
-119.179,42.219,94.02,133.17,1.828
-52.959,31.771,77.525,264.35,2.392
102.162,21.72,62.551,124.96,2.081
52.789,3.997,30.318,170.63,1.759
-43.63,22.503,68.288,194.51,2.126
79.116,26.003,77.189,56.91,1.714
14.219,29.173,73.25,112.1,2.555
-57.188,2.703,17.81,329.94,2.628
38.936,44.14,88.604,82.17,2.055
65.99,31.822,84.911,292.03,2.406
62.766,3.08,25.362,280.24,2.313
-27.616,18.47,66.078,67.77,1.743
-34.654,38.012,88.717,157.48,2.158
48.851,2.047,10.552,206.97,2.097
-22.128,42.567,95.198,336.05,2.559
-52.514,29.187,74.859,351.09,2.728
-102.335,36.22,87.827,83.46,1.956
-70.704,17.254,54.361,326.44,2.028
-46.363,28.531,76.176,249.43,2.758
-99.644,44.677,94.785,185.28,2.085
20.519,27.642,70.704,97.76,2.044
59.627,3.408,27.179,316.3,2.971
-1.644,41.734,89.142,111.32,1.853
-56.698,3.53,27.691,173.91,2.178
9.434,28.897,74.015,59.96,2.904
-58.803,7.519,38.789,85.8,2.827
80.303,20.847,68.695,109.75,2.058
49.348,28.131,77.656,271.9,2.231
-14.54,23.465,74.798,211.14,2.39
-60.616,2.934,23.175,131.75,2.525
65.448,25.646,78.473,140.29,2.47
-31.614,46.281,98.281,189.53,3.074
-66.456,3.266,25.788,99.89,2.028
-60.97,18.965,57.142,97.59,2.843
-69.381,14.514,50.171,66.06,2.326
82.174,13.813,53.144,123.85,1.896
85.348,13.611,52.167,337.71,2.788
-11.887,31.404,83.181,308.73,1.912
67.612,26.278,79.176,341.47,2.889
10.118,25.626,69.29,138.57,1.945
96.548,23.593,67.513,215.64,3.012
48.662,5.79,36.372,23.22,2.088
93.32,39.83,85.858,104.76,2.476
-106.628,36.04,88.403,53.1,1.865
-78.123,10.444,44.093,164.23,2.155
-72.362,40.166,83.32,116.55,2.527
-28.465,25.388,77.669,264.47,1.824
-33.724,19.284,66.519,257.74,3.066
53.584,7.108,39.776,355.57,1.959
-114.643,38.798,91.361,277.85,1.981
-65.72,5.37,33.495,256.14,2.287
58.419,4.072,30.331,40.89,2.797
-74.357,26.932,69.997,247.66,2.488
-62.241,2.652,17.515,5.25,1.841
92.197,14.248,51.573,138.18,3.039
58.677,2.322,16.824,304.6,1.968
-109.068,47.028,101.445,222.54,2.388
-41.033,32.944,82.437,101.59,3.086
11.964,39.155,83.231,29.69,1.805
-46.087,1.738,8.063,247.83,2.033
-15.396,32.772,85.293,132.71,2.266
-85.938,26.578,72.897,242.81,2.069
85.075,38.951,87.945,188.08,2.564
82.956,33.24,83.691,179.7,2.91
54.374,5.155,34.461,258.86,1.866
5.017,25.55,70.809,346.18,2.472
72.448,43.603,96.13,137.51,2.665
-102.995,42.814,94.047,259.4,2.392
-51.835,2.714,21.439,339.33,2.004
-80.094,5.109,33.334,353.52,2.75
-88.074,9.814,43.949,343.97,1.933
83.524,23.866,72.742,37.98,2.386
-92.904,28.299,77.476,13.53,1.73
104.457,37.363,81.243,37.41,1.999
-57.637,9.291,41.989,231.53,2.734
-41.953,26.573,75.347,102.44,2.138
-25.997,42.132,94.605,4.42,2.024
11.59,31.471,76.38,96.12,2.409
-27.101,31.82,84.636,340.27,2.327
94.629,18.526,58.661,238.96,2.783
53.02,12.067,49.737,168.45,2.767
47.471,34.433,83.172,117.18,2.262
78.716,37.388,88.434,261.34,2.592
50.739,43.174,91.93,163.33,2.89
-13.866,44.281,95.83,131.45,2.806
-106.173,21.408,71.99,161.96,2.675
-71.752,4.958,31.919,301.54,1.841
54.313,21.544,70.062,66.25,2.927
-104.864,46.194,98.647,210.4,2.285
-33.617,34.205,85.532,76.07,2.266
52.578,26.622,77.048,316.8,1.783
-55.433,16.811,54.28,325.52,1.815
47.788,19.644,63.927,206.44,2.31
-9.225,29.191,80.226,124.62,2.807
-61.151,41.051,83.901,22.05,2.732
-63.402,13.468,48.306,17.76,1.761
53.192,15.275,56.084,25.08,2.143
63.241,38.784,91.18,6.0,2.293
-109.302,32.873,85.702,130.74,2.601
-107.718,31.5,84.289,293.51,2.879
-58.387,17.465,54.886,65.38,1.952
-115.035,33.917,86.725,307.45,2.786
76.1,12.774,51.752,154.28,2.555
54.066,3.179,25.926,89.55,1.777
-60.542,4.6,31.889,101.94,2.181
18.368,33.529,77.29,269.41,2.912
-114.122,38.179,90.798,244.75,2.319
75.827,15.303,57.419,294.65,1.998
105.274,33.695,77.893,71.23,2.128
-49.032,11.461,46.802,72.85,2.065
-65.996,33.066,76.767,84.74,2.44
84.831,22.241,69.362,148.49,3.062
-110.211,24.349,76.751,149.85,2.275
48.925,2.657,17.516,132.96,2.095
84.038,19.285,63.677,63.41,2.388
-86.564,17.997,58.141,296.09,1.895
-66.484,3.126,24.94,196.41,1.941
67.72,45.107,98.585,233.45,2.897
-25.102,21.648,72.778,310.45,2.612
-75.736,8.067,39.636,111.77,1.947
-33.725,19.22,66.381,165.07,2.513
-25.797,46.698,100.564,79.68,2.666
-118.651,35.844,88.141,272.67,2.042
33.556,28.423,72.88,178.52,2.127
97.527,36.369,81.714,47.58,1.865
10.463,32.449,77.67,102.64,2.441
4.477,22.869,66.565,60.73,2.502
66.02,37.719,90.394,176.15,2.528
-80.261,26.049,70.313,277.41,2.184
42.088,44.866,90.169,165.92,1.791
-48.738,18.811,59.394,149.03,2.018
65.643,18.255,65.872,210.5,2.858
109.254,36.1,79.785,91.15,2.762
-59.213,26.109,69.362,127.29,2.411
-73.921,15.469,51.864,242.61,1.898
-79.371,15.168,51.719,296.98,2.79
-105.252,41.715,93.564,325.02,1.805
63.783,20.384,70.317,271.66,1.802
86.346,33.584,82.958,191.98,2.871
-84.446,29.101,75.422,160.79,3.019
48.079,3.124,25.578,250.17,2.089
94.949,17.496,56.622,304.1,2.446
68.606,14.514,56.377,102.47,2.936
21.371,38.321,81.34,178.38,2.591
-57.812,2.983,23.768,106.37,2.96
-49.522,13.158,49.563,135.97,1.936
87.647,41.314,89.019,8.03,2.82
-80.125,21.809,63.349,49.66,1.956
55.167,15.064,56.172,5.39,1.826
105.187,33.42,77.631,167.05,2.172
-105.664,46.482,99.396,158.3,2.704
69.647,6.738,39.729,317.48,2.291
96.25,29.343,75.341,234.89,3.073
46.331,14.882,53.34,4.55,2.799
61.522,3.192,26.061,159.3,1.885
-47.676,1.766,8.443,300.77,1.844
-75.529,19.684,58.558,241.66,2.761
86.604,27.067,76.095,59.48,3.006
-107.42,34.438,87.012,48.51,1.855
-71.832,33.303,77.28,9.29,2.105
-83.393,21.826,64.554,65.61,2.056
-107.009,43.101,95.463,271.05,2.213
-37.471,19.896,66.204,205.78,2.959
-95.492,22.168,69.633,225.21,2.914
-104.269,31.243,83.649,14.98,2.453
98.688,24.653,68.528,116.35,2.964
-87.202,16.345,55.13,81.7,1.897
53.522,20.45,67.626,88.6,3.034
88.034,14.004,52.253,218.75,2.004
-61.992,14.953,50.561,175.9,2.295
70.184,4.601,33.884,339.41,2.829
-114.154,34.928,87.712,80.19,2.295
45.466,42.616,89.492,311.01,1.912
-61.431,5.511,34.341,250.32,1.908
-61.269,27.961,71.475,149.01,1.849
30.603,37.494,81.557,201.4,2.337
57.467,3.855,29.356,229.0,2.742
87.394,15.983,55.984,340.3,1.988
-90.089,19.076,61.499,117.66,2.186
87.378,14.871,53.961,242.47,2.567
62.448,25.361,77.965,243.6,2.537
-19.998,31.418,84.652,290.14,1.902
71.004,15.04,57.518,16.54,2.528
-65.522,22.896,63.333,39.01,1.721
29.787,35.731,79.905,169.93,2.998
55.13,2.76,22.581,252.0,2.306
-58.126,4.444,31.474,163.7,2.879
82.75,24.569,74.141,257.01,2.876
65.902,22.745,74.632,139.02,2.278
-83.876,28.79,74.898,182.78,1.861
16.01,37.236,80.864,337.67,1.864
57.079,4.438,31.83,155.84,1.901
19.757,23.994,65.455,223.4,2.588
-56.227,16.041,52.853,136.35,1.843
42.378,32.117,79.44,59.94,2.535
62.004,20.233,69.633,207.15,2.807
-65.564,14.057,49.264,79.57,1.964
-69.269,21.365,60.683,144.09,1.709
68.733,15.089,57.809,58.57,3.062
-80.062,32.384,77.691,230.34,2.689
-7.138,36.243,86.204,316.41,1.819
-75.739,9.931,43.093,325.4,2.533
101.915,31.188,75.911,332.82,1.887
-67.071,23.073,63.504,98.52,2.415
100.067,20.188,60.326,242.68,1.744
-72.173,6.855,36.818,41.1,2.437
-17.144,38.835,91.059,221.76,2.494
102.133,24.474,67.222,159.28,1.844
11.954,24.3,66.806,321.43,2.472
-70.034,40.943,83.734,196.15,2.081
53.238,2.611,19.941,348.22,2.176
55.059,22.774,72.48,141.76,2.987
78.16,11.271,48.634,278.86,2.557
7.335,30.019,75.96,309.39,2.142
58.535,4.183,30.79,210.69,2.202
70.215,35.615,88.281,346.25,1.881
53.104,9.581,44.992,112.95,2.602
0.482,38.081,85.453,330.98,2.887
-97.099,23.762,72.991,291.45,1.87
46.364,35.298,83.568,124.78,2.766
-94.142,15.95,56.444,316.96,2.193
-75.108,12.877,47.93,255.57,2.891
-79.031,14.063,49.943,284.27,2.036
-3.573,35.875,84.776,131.82,1.749
-83.604,7.062,38.406,25.14,2.973
-100.221,20.777,68.785,271.02,2.296
75.383,9.931,46.128,210.37,1.859
1.3,23.916,69.815,4.47,2.407
88.711,20.412,64.214,255.23,1.991
-65.302,14.155,49.402,107.37,1.797
-2.939,20.308,65.223,124.35,1.906
-58.042,20.133,59.622,63.78,2.065
77.725,27.512,79.266,196.37,2.193
68.594,3.105,25.884,173.65,2.169
-46.472,17.882,58.362,266.17,2.149
54.944,11.171,48.454,183.02,2.346
-79.961,6.167,36.058,169.5,2.577
-103.159,31.073,83.298,79.04,2.436
-56.286,19.081,58.055,24.82,2.555
69.504,13.638,54.216,201.95,3.066
-79.324,26.518,70.675,224.18,1.768
54.213,2.791,22.769,257.73,2.82
-78.631,34.453,79.361,297.67,2.729
17.517,24.392,66.268,214.7,2.292
-43.938,41.624,88.882,175.37,2.948
58.82,16.699,60.568,189.77,2.503
-28.539,18.404,65.81,277.56,2.201
-56.652,40.216,83.978,248.08,2.29
-49.201,1.272,2.902,8.97,2.036
-86.105,25.525,71.554,91.04,2.166
-85.878,21.909,65.656,15.68,2.943
-51.944,2.886,23.286,172.1,2.946
41.386,30.474,77.513,248.97,2.848
16.071,40.706,83.67,117.25,2.512
64.223,9.121,45.028,86.13,2.1
78.991,35.617,86.798,271.27,2.317
40.872,23.67,68.499,13.98,2.239
66.154,4.968,34.689,276.32,2.063
-47.37,2.026,11.906,313.35,2.304
110.488,36.1,79.735,180.89,2.553
-77.516,30.992,75.726,247.91,3.003
-100.059,19.99,67.043,213.93,2.404
-71.002,32.294,76.188,268.73,2.204
-90.35,28.128,76.342,198.43,2.99
-57.074,23.939,66.506,202.02,2.596
-64.842,7.452,38.326,184.75,2.807
60.719,34.873,87.31,160.92,1.912
49.956,15.037,54.654,172.2,2.288
67.003,15.867,59.823,35.89,2.213
17.409,29.153,72.792,142.36,2.705
-82.634,27.349,72.797,9.83,2.059
73.564,32.452,84.914,226.87,1.849
72.456,3.277,27.399,105.24,2.261
81.493,25.009,75.196,135.01,2.715
71.53,3.519,29.066,300.33,2.694
-66.923,3.488,26.864,168.63,2.917
-26.19,23.757,75.934,13.58,2.024
66.825,47.202,101.926,196.19,2.938
-47.107,1.369,3.59,263.68,2.909
47.387,2.06,10.524,190.29,2.322
-52.76,17.428,55.921,358.43,3.051
17.676,44.203,86.152,132.65,2.684
-21.293,29.596,82.926,214.37,2.079
-13.904,25.723,77.694,321.81,1.764
-86.894,16.442,55.227,316.42,1.846
50.762,19.592,64.889,75.53,2.941
-29.455,20.233,69.672,227.61,1.877
96.834,31.917,77.865,342.55,3.072
80.302,13.535,52.88,138.85,2.062
83.595,39.894,89.201,205.88,1.768
-52.879,37.258,82.538,109.91,1.813
59.581,8.658,43.905,187.44,1.866
-71.197,6.484,35.965,178.46,2.988
75.612,3.564,28.948,85.98,2.46
-69.486,16.538,53.217,287.18,2.24
79.312,15.312,56.682,6.03,1.833
-6.994,25.147,74.891,16.51,2.841
57.103,20.309,68.425,90.73,2.498
-56.02,19.763,59.342,321.67,1.749
-91.182,24.322,71.632,128.94,1.876
-53.491,24.809,68.707,197.02,2.964
51.766,1.372,4.974,189.5,2.141
52.95,2.673,20.794,15.75,2.227
16.206,37.505,81.064,172.02,2.011
-51.174,17.436,56.324,204.59,2.906
-85.384,13.768,50.149,63.27,2.083
108.517,39.417,82.587,311.38,2.341
-12.161,27.575,79.363,7.52,2.289
68.14,19.432,68.834,145.62,2.651
-90.148,29.164,77.417,168.7,3.017
-81.032,24.124,67.657,296.26,2.335
54.976,13.32,52.631,324.35,2.482
7.787,44.134,88.123,15.34,2.656
14.029,32.179,76.581,346.06,1.711
28.504,44.041,86.32,182.98,2.263
-50.94,8.097,40.344,307.95,2.692
105.684,34.561,78.645,201.52,2.605
67.07,9.318,45.323,70.44,2.95
-70.331,5.095,32.331,247.92,2.513
80.845,17.956,62.081,186.69,1.847
61.713,26.133,78.796,45.39,2.96
-25.543,32.199,85.199,199.67,2.883
46.387,42.206,89.47,124.77,1.801
-112.299,22.514,74.323,332.88,2.833
46.638,31.263,79.96,180.15,2.817
-52.977,2.62,18.852,174.45,2.559
-14.199,37.382,89.204,165.45,2.223
105.51,27.853,71.301,167.72,2.617
89.686,23.626,69.873,133.51,2.361
57.876,19.868,67.696,311.97,2.293
-86.079,32.263,79.166,139.18,2.844
-88.439,40.898,87.409,349.47,1.978
65.943,43.962,96.951,64.15,2.581
24.52,28.698,71.996,97.96,2.198
-81.615,21.527,63.357,31.65,2.698
57.378,3.255,26.311,9.13,2.247
56.598,22.23,72.045,175.06,2.679
-41.483,28.766,78.136,28.32,2.272
-60.417,4.027,29.903,307.39,2.18
11.004,32.836,77.931,309.7,2.259
-59.421,5.756,35.062,88.37,2.315
58.778,19.81,67.831,177.6,2.661
-66.931,19.4,57.536,200.75,2.006
-6.461,41.212,90.386,280.7,1.977
48.625,12.99,50.365,14.48,2.242
-18.324,29.407,82.558,278.4,3.006
-53.576,9.41,42.544,130.07,2.78
62.31,6.623,39.115,1.09,1.9
-80.799,8.574,41.015,110.68,1.98
-122.462,41.78,92.727,61.3,3.063
50.409,12.483,49.86,335.03,2.101
-98.452,19.736,65.83,326.6,2.481
-94.667,34.844,84.504,142.19,1.823
-56.231,4.33,31.041,34.08,2.229
76.863,9.715,45.64,112.94,1.973
-80.009,21.761,63.224,346.82,2.742
-51.447,1.863,9.374,323.84,2.797
-60.231,10.486,43.764,60.91,2.647
67.461,5.485,36.431,287.14,1.793
-71.922,21.83,61.558,229.72,2.219
-24.278,21.403,72.399,141.18,1.896
-61.99,19.844,58.524,228.12,2.499
68.068,31.61,84.655,38.61,3.039
-78.371,21.006,61.379,341.57,2.301
-75.357,5.171,32.772,18.74,2.177
110.639,40.786,83.579,338.84,2.706
73.081,4.289,32.659,274.18,2.951
-57.589,8.631,40.86,189.75,2.292
-97.93,20.595,67.471,13.52,2.661
-122.957,42.302,93.076,14.04,2.879
-39.377,38.09,87.407,139.62,1.803
74.126,30.736,83.194,269.31,2.569
67.833,3.425,28.238,309.48,2.48
7.463,24.883,68.879,301.21,2.856
50.435,2.002,10.347,202.84,2.569
-57.342,26.453,70.223,244.85,1.72
83.681,10.508,46.689,198.78,3.018
76.489,32.12,84.141,183.99,1.87
22.488,32.462,76.113,298.14,1.821
57.072,19.244,66.042,199.87,2.374
-18.658,24.336,76.771,357.79,2.753
56.722,2.059,12.285,338.78,1.834
-84.262,25.578,70.981,5.14,2.4
-50.788,8.324,40.808,208.1,1.97
76.763,44.795,96.216,237.54,1.784
-19.636,28.138,81.378,142.63,2.745
-61.979,3.236,25.827,222.55,1.833
-33.275,43.19,94.067,53.59,3.027
-87.292,32.634,79.929,211.89,2.248
98.039,22.814,65.734,221.98,3.025
-77.165,38.369,82.489,273.12,2.464
49.071,5.997,36.896,217.74,1.918
-30.841,21.283,71.303,235.0,2.565
-85.296,26.819,72.983,128.85,2.862
-81.531,27.352,72.468,153.07,2.895
50.857,1.894,9.468,162.03,2.544
53.031,11.868,49.365,326.2,2.564
-122.419,43.301,94.196,333.08,2.415
-105.236,17.572,63.352,273.2,1.86
-68.605,34.981,78.663,21.93,2.928
57.516,2.343,17.031,359.57,2.484
-46.991,19.658,61.482,222.22,2.511
-57.498,19.587,58.741,353.81,2.246
85.172,29.498,79.377,318.16,2.184
-83.328,25.722,70.862,185.04,1.734
-51.814,19.9,60.545,288.31,1.946
71.5,11.248,48.928,349.87,2.397
-105.626,23.342,74.892,290.65,3.03
-110.215,21.974,73.446,132.88,1.773
-51.162,18.887,58.882,251.89,1.995
86.603,19.176,62.455,173.59,2.1
81.266,34.089,84.895,60.68,2.356
-112.865,31.939,84.911,71.29,1.939
64.063,5.275,35.394,235.61,2.136
-58.576,29.837,74.151,233.58,2.914
-83.357,26.405,71.827,31.81,1.889
-15.945,38.033,90.138,92.85,2.247
-10.355,27.157,78.382,304.65,1.741
91.388,33.47,81.084,194.28,2.645
-111.509,37.615,90.284,340.44,2.174
34.94,24.738,67.916,344.36,2.809
-54.626,22.698,64.941,330.82,2.182
-106.119,38.449,90.577,144.27,1.772
51.655,6.979,39.34,84.71,2.194
43.295,38.233,85.117,109.08,1.794
94.168,15.708,53.592,62.04,2.695
30.784,33.025,77.529,349.75,2.217
51.513,31.136,81.508,51.83,2.141
-85.773,9.103,42.415,284.22,2.39
-30.003,21.145,71.253,55.7,2.756
107.49,28.167,71.397,235.07,2.174
-27.029,20.245,70.044,216.12,2.979
-95.109,38.502,87.763,116.32,2.516
111.044,38.311,81.603,357.43,2.921
-90.918,31.991,80.57,214.73,2.313
-98.184,45.783,95.33,242.37,1.998
60.799,17.972,64.059,68.31,2.385
108.58,29.771,73.311,201.34,2.585
-86.585,29.634,76.68,186.91,2.201
53.548,1.842,9.201,324.27,1.87
-86.999,8.457,41.38,255.35,2.031
-34.239,29.428,80.821,343.12,2.755
-100.519,23.18,73.308,200.23,2.259
-51.034,8.943,41.979,113.9,2.44
-61.037,8.169,39.881,289.99,2.915
-65.388,6.691,36.693,353.85,2.66
63.684,2.395,16.332,105.85,2.402
-4.588,32.339,81.906,244.7,1.737
-100.43,27.121,78.626,126.42,1.811
71.463,28.582,81.369,93.65,2.157
56.788,4.453,31.895,341.78,2.05
-59.352,17.767,55.273,125.44,1.961
107.415,27.106,69.968,218.56,2.775
-62.995,40.681,83.456,321.44,2.458
57.355,2.056,12.363,359.43,2.787
-72.201,3.199,25.301,298.33,2.092
-31.883,43.837,95.253,38.18,1.767
-111.062,43.907,97.047,38.58,1.74
67.84,10.352,47.385,306.29,2.967
59.217,12.156,51.106,296.76,2.066
76.681,43.854,95.203,331.54,3.001
-64.54,13.878,48.953,82.66,1.852
59.851,15.357,57.778,346.36,2.073
-71.436,33.871,77.821,167.06,2.994
-91.951,15.898,55.687,153.79,3.03
-26.967,38.073,90.444,44.31,2.408
16.471,31.868,75.891,332.27,1.833
21.03,31.015,74.628,109.04,1.706
-101.365,18.546,64.293,172.5,3.025
-46.979,3.817,28.531,339.77,2.6
-109.599,44.223,97.321,331.82,2.065
85.466,22.949,70.388,304.19,2.922
38.46,35.081,81.129,272.03,2.56
-58.425,21.751,62.472,145.25,2.7
-47.336,41.625,87.764,115.01,3.001
46.587,20.299,64.818,112.74,2.631
-15.274,36.352,88.497,35.88,1.759
15.666,23.926,65.695,110.49,2.073
86.301,44.6,92.244,133.83,2.112
-87.321,26.083,72.717,226.56,1.86
-68.34,35.565,79.18,36.65,2.835
66.789,23.402,75.592,327.63,2.373
72.628,14.463,55.872,295.87,2.335
-67.762,2.61,20.598,174.55,2.769
75.98,45.226,97.07,183.38,2.351
23.831,28.532,71.765,175.14,2.436
-47.903,3.942,29.026,317.71,2.478
-68.224,3.242,25.577,228.65,2.87
-37.109,35.66,85.942,84.39,1.714
-29.682,42.17,94.022,171.39,2.371
-50.587,15.881,53.829,118.46,1.912
48.428,43.765,91.597,79.3,2.666
-84.946,43.126,88.066,192.63,1.976
69.742,29.273,82.252,154.49,2.483
34.271,28.853,73.621,38.34,1.744
-52.217,32.853,78.799,39.63,1.886
-55.0,2.792,21.465,211.02,2.113
-87.108,27.799,74.788,299.42,2.46
-21.501,44.727,97.7,254.07,2.134
-16.164,24.919,77.166,147.02,2.925
-3.658,24.047,72.193,169.33,1.877
55.816,2.765,22.743,165.8,2.779
-58.644,21.278,61.588,255.58,2.355
100.47,32.343,77.363,1.88,2.626
-15.46,36.447,88.62,55.19,2.3
-8.768,45.943,95.893,319.33,2.006
94.375,28.907,75.441,294.57,2.732
50.553,16.566,58.041,245.64,2.544
-45.028,28.686,76.827,192.86,2.485
84.483,17.019,58.807,143.24,2.213
47.906,23.036,70.396,143.33,1.731
16.641,29.833,73.677,271.36,2.192
-83.943,33.227,79.448,301.49,2.789
89.577,45.028,91.385,187.51,2.642
-100.711,35.136,86.508,35.29,2.838
89.493,21.095,65.288,299.7,2.209
-65.55,13.012,47.673,278.33,3.085
65.254,26.118,79.015,180.82,2.521
35.92,25.078,68.766,111.86,2.846
3.809,23.56,68.077,10.25,2.621
-51.939,2.658,20.487,40.94,2.204
103.281,30.417,74.813,46.66,2.579
65.555,34.345,87.252,46.09,2.304
-29.958,38.75,90.587,169.0,1.932
57.916,17.374,61.901,152.67,2.735
-24.081,25.766,78.707,130.01,2.615
-102.515,42.926,94.011,205.93,2.66
85.954,19.58,63.531,206.89,2.524
-110.112,28.679,81.645,162.1,1.97
49.555,2.569,16.21,223.89,2.613
6.479,24.854,69.17,90.82,2.48
-41.602,44.872,92.443,221.99,2.953
-66.146,15.337,51.228,6.24,2.164
-71.173,25.702,67.701,21.45,3.088
-55.575,11.15,45.194,291.37,1.825
-85.863,24.689,70.275,141.24,2.694
51.19,2.86,22.967,144.37,2.068
13.399,24.974,67.65,250.48,2.302
26.457,25.252,67.255,270.25,1.963
57.515,7.78,41.702,34.71,1.997
-65.68,4.214,29.985,252.43,2.536
-53.221,3.854,28.974,257.15,3.068
66.615,13.965,55.16,205.07,2.496
-6.125,24.062,73.136,235.98,1.934
-96.928,39.191,88.928,23.35,2.436
-74.104,30.75,74.83,196.01,1.799
-50.639,12.797,48.73,153.62,2.1
50.645,1.691,7.771,218.92,2.036
-61.694,21.783,61.951,74.79,2.898
83.123,8.237,42.1,255.7,2.76
97.462,23.413,66.919,26.32,2.604
61.359,2.458,18.74,222.6,1.815
-11.059,40.933,91.644,250.56,3.045
49.26,43.9,92.032,129.15,2.742
-12.391,32.171,84.048,320.07,2.92
69.969,5.363,36.251,234.31,1.827
59.733,9.823,46.429,278.13,2.19
-119.805,42.121,93.778,13.2,2.708
-116.286,44.299,97.092,252.73,2.778
42.577,44.365,89.923,219.28,2.274
-64.046,36.761,80.211,107.63,2.269
99.236,25.207,69.192,248.71,2.642
52.088,21.445,69.119,61.13,2.836
-96.48,18.487,62.36,339.33,3.047
60.342,3.185,25.969,244.53,2.468
-8.922,29.418,80.362,166.59,2.964
-11.857,22.759,73.053,282.43,2.908
-40.781,44.432,92.374,341.03,2.923
100.369,28.355,73.076,102.47,2.074
-94.533,18.484,61.707,67.04,2.154
91.351,20.8,64.105,260.92,2.903
40.957,44.339,89.372,47.62,1.857
89.325,29.168,77.525,267.22,1.913
51.778,20.137,66.398,305.49,2.581
-62.431,6.633,36.813,227.8,2.786
7.343,37.046,82.682,290.65,2.726
73.973,37.303,89.385,205.92,2.532
-74.617,41.595,84.673,78.35,2.838
-49.436,10.472,44.993,343.35,1.832
69.524,38.154,90.75,268.44,1.797
-68.347,25.755,67.69,217.39,1.829
72.691,4.53,33.588,276.85,1.729
94.58,42.127,87.289,112.17,1.751
1.675,27.779,75.145,245.63,2.019
-72.578,6.868,36.868,18.44,2.306
46.161,29.894,78.424,154.41,2.194
65.812,10.718,48.271,77.03,2.752
41.592,26.333,72.736,46.76,1.835
36.471,32.94,78.67,60.79,2.094
84.056,10.637,46.892,292.94,1.781
-101.941,29.423,81.466,9.25,2.997
-56.164,2.884,22.634,317.53,2.663
3.912,39.769,85.84,252.03,2.61
62.968,28.849,81.906,354.03,2.773
-10.695,42.932,93.468,338.18,3.07
-96.153,27.106,77.28,172.74,2.065
65.819,14.762,57.036,274.35,2.528
21.586,32.622,76.266,166.09,2.989
-80.709,6.579,37.061,49.41,2.61
-60.459,22.113,62.735,73.63,2.461
-99.153,28.872,80.228,180.33,2.642
77.031,10.817,47.797,304.58,3.076
96.415,38.494,83.801,79.74,1.834
-109.467,19.145,68.204,195.27,2.565
48.473,7.187,39.563,298.54,2.408
29.151,40.959,84.097,216.55,1.732
52.131,23.824,73.144,174.57,1.7
54.705,24.163,74.531,278.24,1.811
-97.089,21.043,68.072,210.53,2.559
81.167,8.364,42.579,331.64,3.033
-95.926,28.795,79.133,57.93,2.869
-114.597,44.818,98.049,117.48,2.306
4.184,43.817,88.922,23.69,1.739
-28.275,35.041,87.447,18.33,2.662
49.126,7.477,40.231,190.91,2.645
46.362,2.279,12.245,337.84,2.72
-109.638,20.166,70.308,151.94,2.927
-109.955,43.474,96.433,170.19,2.698
50.435,7.985,41.4,145.52,2.469
64.515,17.204,63.003,69.91,2.3
94.083,31.463,78.252,186.53,2.032
53.691,2.921,24.013,343.01,2.423
46.645,2.478,14.209,187.97,2.687
50.496,2.532,16.131,55.88,2.622
82.943,18.024,61.404,309.05,2.096
-68.753,9.086,41.321,338.27,1.878
-93.511,32.512,82.02,355.77,2.209
47.407,10.092,44.959,54.24,2.958
64.064,19.566,68.637,341.08,1.924
80.816,42.141,92.056,187.8,1.753
-54.798,24.777,68.342,347.5,1.804
-25.349,26.812,79.798,160.69,2.805
-112.792,25.94,78.719,282.87,2.188
-7.967,25.851,76.128,251.18,2.715
-91.755,21.43,66.835,310.81,1.876
65.497,15.307,58.331,181.18,3.011
47.535,1.608,7.247,121.72,1.793
-1.414,20.778,65.429,141.36,1.717
-59.854,4.348,31.075,221.69,3.036
62.061,13.994,55.127,169.86,2.457
-112.964,26.931,79.847,324.61,2.308
-13.063,25.915,77.698,80.87,2.933
-116.67,39.035,91.377,278.79,2.953
-24.895,18.452,66.136,269.22,1.93
51.116,15.94,56.876,67.75,2.339
58.295,2.207,14.882,134.18,2.167
92.7,12.902,49.15,134.43,2.7
-32.765,22.46,72.719,264.91,2.887
-1.992,27.961,76.624,332.12,1.874
2.852,33.945,81.225,103.08,3.081
-68.635,22.988,63.305,298.46,2.435
-120.476,41.008,92.528,1.22,1.913
51.446,44.305,93.257,246.95,2.797
-38.87,36.161,85.896,111.4,2.429
78.078,32.707,84.388,151.66,2.799
52.518,42.66,92.101,35.92,2.647
-98.906,15.693,57.212,237.5,3.011
81.119,21.717,70.05,144.59,2.396
106.372,30.963,74.932,193.64,1.941
-51.501,24.041,68.016,24.89,3.04
-61.792,5.106,33.232,336.46,2.462
-78.071,4.71,31.809,167.34,2.005
-7.935,21.959,70.539,113.69,2.776
68.562,4.63,33.86,86.09,2.699
-68.733,20.684,59.583,233.97,1.957
-74.178,31.169,75.317,175.37,2.148
-82.996,25.126,69.917,332.11,2.223
74.591,37.964,89.879,355.71,2.063
12.045,28.159,72.416,52.87,2.547
-29.823,19.832,68.794,334.16,1.979
60.133,2.435,18.724,261.86,2.026
-10.827,19.41,66.488,122.85,3.074
67.099,31.875,84.936,9.7,1.959
-75.309,18.171,56.118,97.35,1.703
52.379,42.072,91.526,162.89,2.384
68.217,13.974,55.106,82.49,2.527
81.694,24.026,73.72,126.07,2.857
-49.874,2.429,17.418,284.47,2.556
52.495,35.594,85.905,61.76,1.88
-10.423,39.344,89.987,80.44,2.747
83.564,9.025,43.736,65.48,2.445
-15.97,19.774,68.424,262.57,2.235
-8.583,21.329,69.649,157.46,2.87
55.54,6.224,37.619,273.22,1.859
50.708,2.035,10.702,191.05,2.701
61.02,5.109,34.459,128.9,2.231
-67.232,4.847,31.85,162.75,1.837
70.744,8.422,43.324,273.56,1.838
-99.488,21.406,69.77,149.81,1.732
-25.805,21.999,73.314,305.56,2.565
-63.704,3.498,27.175,341.97,2.417
57.234,2.644,21.684,217.87,2.603
79.917,14.645,55.174,141.0,3.001
40.184,23.941,68.638,335.84,2.369
-82.188,22.486,65.303,329.5,2.901
-61.958,2.564,15.772,121.04,3.041
-25.774,21.565,72.591,147.05,2.019
-77.056,41.559,84.985,62.28,3.032
-43.482,44.268,91.205,19.52,2.653
-16.067,18.537,65.57,267.16,2.814
-73.426,16.033,52.685,358.72,2.258
-115.802,27.564,80.451,352.38,2.017
77.794,13.255,52.606,24.06,3.091
58.922,11.459,49.679,91.88,3.095
-50.735,15.335,52.887,139.59,2.853
14.925,23.99,65.89,100.1,2.642
36.751,24.03,67.385,220.17,1.958
61.023,12.25,51.451,79.1,2.16
55.024,26.144,77.281,329.41,1.848
27.295,30.814,74.659,358.2,1.99
37.099,25.968,70.561,250.25,1.767
-102.902,19.406,66.89,212.82,2.267
67.924,14.959,57.519,172.38,2.695
66.453,7.659,41.821,153.5,2.721
-2.77,41.529,89.35,115.67,2.183
34.394,36.097,81.097,189.2,2.504
79.707,20.247,67.735,227.31,2.459
47.363,20.02,64.549,103.92,2.997
74.798,13.38,53.141,253.33,1.794
-110.796,32.604,85.514,351.56,2.434
96.752,44.66,88.633,213.24,2.558
-53.413,23.267,66.212,169.41,2.566
73.196,8.861,44.11,269.22,2.078
-11.82,21.707,71.311,195.46,1.922
-82.137,25.563,70.246,336.54,1.97
74.744,5.655,36.832,268.45,2.427
-46.363,9.57,43.795,77.06,2.243
46.782,20.661,65.638,174.73,1.726
-58.095,22.51,63.884,123.84,2.535
-14.866,24.91,76.863,264.69,2.526
56.122,11.589,49.511,154.01,1.87
-75.657,6.514,36.292,163.09,2.611
91.901,12.04,47.873,227.95,2.854
-92.533,35.975,84.742,268.28,2.438
51.302,5.454,35.478,27.76,1.936
46.047,23.129,69.83,249.1,2.398
-51.147,23.217,66.722,108.85,2.029
113.511,36.715,80.246,140.93,2.191
92.103,39.636,86.112,170.57,1.827
-69.514,25.811,67.78,108.41,2.772
54.221,34.821,85.77,26.74,2.543
-5.013,45.409,93.72,197.17,2.404
60.841,23.104,74.571,308.49,2.087
67.939,17.605,64.499,145.39,2.539
-38.249,42.308,91.443,149.0,1.986
56.111,28.844,80.664,233.76,1.91
-48.263,12.965,49.513,59.09,2.6
48.96,33.27,82.629,140.54,2.734
25.321,27.689,70.712,92.57,2.882
51.378,25.312,74.978,44.67,2.364
-98.281,26.842,77.687,328.14,2.66
74.995,43.409,95.257,162.03,2.993
62.594,2.911,24.103,226.6,2.067
47.66,18.437,61.216,271.67,2.889
84.301,10.013,45.642,61.96,1.805
-69.809,27.083,69.662,189.33,1.717
69.806,5.403,36.349,335.18,1.974
-85.239,20.126,61.976,157.4,2.599
95.607,40.713,85.835,302.0,2.317
-70.217,2.949,23.951,80.41,1.965
103.012,23.526,65.432,119.77,2.009
-54.005,2.428,14.774,205.41,2.972
92.749,22.034,66.009,228.82,1.796
44.87,36.184,83.863,266.7,1.861
-73.827,7.564,38.465,278.24,2.363
107.183,30.637,74.48,103.2,1.745
51.607,2.547,17.223,97.38,1.915
71.701,46.141,99.71,170.27,2.958
71.95,7.9,42.212,211.03,2.223
-31.926,33.881,85.637,127.69,2.553
-87.349,9.399,43.11,64.91,2.564
110.848,40.357,83.237,232.42,1.96
-109.707,24.263,76.617,333.59,2.78
34.278,26.168,69.936,277.24,1.729
-47.543,3.966,29.128,86.23,2.387
17.139,25.554,68.091,288.77,2.274
-32.164,30.483,82.367,288.13,2.895
60.785,18.183,64.574,128.38,2.0
-23.422,20.459,70.615,47.03,2.298
-116.675,35.473,88.041,146.55,2.375
19.512,26.314,68.974,13.87,2.513
72.312,3.909,31.106,57.41,2.132
60.986,4.645,32.794,0.62,1.714
-40.207,20.523,66.132,266.57,1.837
-73.019,27.055,69.946,324.94,2.814
-99.897,26.641,77.945,257.06,2.013
101.587,34.261,78.952,284.33,2.411
60.705,3.181,25.963,297.51,2.411
88.657,33.555,82.152,324.79,2.73
-69.265,36.305,79.907,67.71,2.855
-76.981,6.455,36.312,342.74,1.921
13.243,31.995,76.553,20.49,3.033
89.499,30.731,79.118,280.65,2.467
44.549,25.764,73.083,148.66,2.003
-13.353,21.797,71.876,102.99,2.4
21.525,31.102,74.704,192.19,2.135
2.547,26.002,72.468,134.96,1.795
-69.622,32.433,76.227,22.75,2.039
-47.304,6.914,38.032,296.7,3.054
71.643,5.536,36.709,271.99,1.827
31.357,42.421,85.573,270.41,2.678
92.535,17.128,56.621,237.93,1.72
-3.035,32.929,81.999,38.28,2.754
53.722,20.248,67.256,98.5,2.499
-112.235,26.093,78.897,241.72,2.028
60.216,3.571,28.093,225.05,2.22
96.068,22.453,65.716,341.25,1.94
67.141,3.974,31.037,240.16,2.876
58.615,44.394,95.784,160.09,2.778
-99.023,34.652,85.661,238.24,2.589
-83.882,38.955,84.382,248.76,2.481
-111.539,28.689,81.696,107.99,2.388
-109.869,36.305,88.972,273.53,2.948
-62.976,32.13,75.998,121.03,2.147
-103.308,25.353,77.148,7.08,2.057
53.598,8.676,43.233,49.1,2.359
-75.848,34.645,79.069,284.98,2.499
69.654,43.454,96.367,235.17,1.978
104.122,24.484,66.692,357.8,2.718
49.577,7.875,41.084,223.12,2.261
0.566,21.908,66.613,28.73,2.822
-29.861,28.7,81.068,335.85,3.029
-114.299,39.118,91.699,232.26,2.478
-54.978,7.527,38.982,287.25,2.992
-27.606,29.749,82.555,348.55,1.973
64.717,6.504,38.967,45.96,2.533
-77.537,19.226,58.138,320.81,2.668
67.93,13.623,54.303,319.31,1.716
-48.388,22.036,65.461,43.84,2.334
-95.873,16.742,58.518,123.36,1.837
47.861,1.354,5.398,164.35,2.643
50.199,31.536,81.431,43.76,2.815
48.689,2.445,14.202,273.07,3.05
-72.137,12.839,47.753,270.39,2.656
39.909,39.217,84.963,270.87,2.068
-59.624,7.233,38.219,210.97,2.918
54.979,2.863,23.541,217.15,2.888
18.006,30.203,73.946,160.45,1.975
50.836,5.14,34.574,66.13,1.987
56.112,19.411,66.147,330.96,1.903
68.52,13.688,54.415,11.96,2.472
-47.465,1.436,4.445,333.73,2.021
-50.803,34.598,80.868,220.48,2.894
-101.634,41.354,92.239,116.5,2.107
-19.778,46.695,100.415,100.31,1.925
73.797,41.71,93.738,182.52,2.19
53.084,37.191,87.48,54.46,1.885
-45.559,31.505,79.676,39.36,2.472
94.418,30.153,76.784,286.48,1.827
85.688,41.095,89.512,21.29,2.547
-92.499,33.371,82.436,335.25,2.308
75.185,12.247,50.729,242.92,3.058
72.732,8.191,42.77,54.32,3.06
-69.001,12.047,46.345,231.66,2.62
-111.009,42.659,95.521,269.33,2.657
36.499,28.25,73.491,162.15,2.55
46.488,25.324,73.217,96.24,2.714
-19.092,44.96,97.741,150.11,2.678
-31.76,38.284,89.728,85.96,2.374
84.528,14.731,54.397,289.39,2.823
-22.182,43.281,95.968,133.31,2.219
-103.099,19.255,66.626,7.65,1.939
-68.772,6.922,36.989,55.91,2.42
-52.444,2.75,21.77,336.18,2.55
63.318,37.262,89.775,127.7,2.338
68.515,14.975,57.533,155.22,2.585
43.879,28.648,76.34,141.92,2.698
58.632,8.422,43.282,49.26,1.796
59.37,8.861,44.332,31.78,2.812
11.485,27.172,71.214,272.98,2.767
-96.321,36.104,86.138,192.66,1.824
-20.524,23.145,75.228,338.98,2.516
-100.498,19.953,67.134,277.08,1.95
75.737,39.804,91.381,222.31,1.987
-58.19,8.339,40.319,178.29,2.981
28.637,24.201,65.737,334.94,2.879
-67.931,26.398,68.649,152.55,2.753
-76.663,4.917,32.221,315.44,2.953
-106.047,22.864,74.289,120.88,2.062
-95.959,18.094,61.35,280.96,2.705
55.796,5.834,36.504,341.47,2.785
-72.559,10.044,43.159,265.87,2.1
-69.776,33.591,77.401,251.96,2.257
62.609,4.82,33.654,201.21,1.724
27.65,37.002,80.672,210.37,1.745
-40.62,24.52,73.015,265.2,2.875
-68.957,5.464,33.434,298.73,1.941
-30.889,45.383,97.384,146.57,1.973
60.743,4.643,32.761,85.17,2.255
-122.026,42.379,93.426,124.06,2.795
48.491,20.4,65.789,262.0,2.107
80.428,31.428,82.665,326.11,1.937
-90.914,20.062,63.816,340.71,1.881
-57.847,42.851,85.78,78.2,2.892
62.91,35.35,88.004,270.01,1.718
69.434,32.061,84.992,72.53,3.016
72.184,44.923,97.856,144.35,2.45
91.825,21.578,65.442,313.18,3.022
55.663,2.201,14.062,32.45,2.242
-113.302,36.457,89.173,151.24,2.519
46.504,2.823,21.354,73.96,2.806
-101.092,38.086,89.165,157.02,1.852
63.163,14.561,56.437,256.09,2.438
78.315,27.156,78.741,348.98,2.073
43.887,22.904,68.538,26.82,2.853
86.047,41.433,89.673,329.77,2.463
89.521,22.127,67.252,117.4,1.93
22.614,26.701,69.37,142.08,1.806
94.823,19.846,61.165,187.83,2.134
4.476,38.53,84.683,288.42,3.043
-62.129,34.688,78.495,230.77,2.186
69.373,10.234,47.038,281.45,1.903
57.242,29.017,81.137,12.56,2.96
47.286,7.212,39.515,335.74,2.417
-73.249,33.236,77.375,354.28,1.937
51.348,19.099,63.995,131.86,2.904
44.866,33.117,81.133,339.9,2.503
68.247,45.608,99.328,301.46,2.548
-56.955,4.889,32.843,251.82,1.854
-76.546,9.688,42.71,305.33,2.02
30.257,30.466,74.681,304.99,2.145
19.801,42.483,84.665,6.65,2.365
-82.388,21.471,63.527,235.35,2.77
-114.791,23.731,75.949,127.96,2.818
-67.817,2.896,23.439,136.81,2.397
-27.532,22.29,73.578,262.56,1.992
82.86,18.22,61.864,101.4,2.79
-59.074,6.695,37.155,202.2,3.023
32.229,43.599,86.613,0.68,1.93
58.06,4.913,33.562,308.2,2.858
5.61,23.705,67.577,276.33,2.519
-100.389,20.836,68.971,202.24,2.635
-80.124,39.502,83.933,269.32,2.445
-14.898,44.444,96.278,63.77,1.745
-66.409,9.672,42.353,313.32,2.385
-61.854,16.786,53.441,271.06,2.954
-44.223,25.177,72.501,176.09,2.708
-93.245,31.632,81.065,214.46,2.649
-92.746,30.35,79.623,52.36,1.789
73.724,44.2,96.558,187.21,2.498
52.803,12.416,50.345,19.59,1.841
58.036,6.779,39.221,109.17,1.838
-96.294,35.275,85.41,24.62,2.92
-113.572,43.533,96.543,189.5,2.89
89.568,10.586,45.816,117.81,1.827
59.263,7.126,40.228,291.92,3.053
-118.45,43.71,95.823,217.68,2.718
54.988,3.491,27.684,356.35,2.382
-96.942,23.704,72.841,174.28,2.744
-67.226,28.656,71.805,277.43,2.624
74.838,6.056,37.888,269.25,1.701
58.804,8.109,42.581,41.59,2.336
0.041,39.917,87.097,137.27,2.141
-91.588,31.816,80.645,126.45,2.35
-44.02,28.954,77.49,190.91,1.924
-69.923,44.25,86.205,140.26,1.842
-67.6,10.876,44.392,330.32,2.365
37.912,41.294,86.11,108.27,2.96
38.248,25.293,69.992,358.64,2.812
-48.487,13.701,50.696,263.28,2.683
-102.953,42.774,93.992,237.33,1.849
-7.584,32.389,82.843,184.33,1.785
-89.561,14.712,52.771,307.42,2.823
59.311,2.403,18.205,125.28,1.791
26.396,26.608,69.262,126.34,1.808
-20.275,27.938,81.205,93.31,2.183
-31.647,42.705,94.08,48.47,1.957
-101.994,45.971,97.163,158.17,2.756
74.762,9.711,45.72,209.19,2.78
-21.859,26.762,79.98,265.94,2.098
69.341,16.647,61.957,70.96,2.341
-58.599,17.381,54.717,203.56,2.932
-27.934,43.906,96.333,328.15,2.628
-78.424,35.074,79.898,152.88,2.853
13.683,23.894,65.885,167.28,2.625
88.223,20.713,64.986,112.07,2.485
-52.473,40.287,85.11,38.05,2.217
-60.991,18.829,56.906,133.65,2.933
-37.38,25.155,75.096,39.08,1.881
-55.19,41.592,85.398,31.01,2.214
48.952,3.317,26.994,149.87,1.839
66.667,2.888,23.584,132.31,1.807
106.976,31.676,75.654,244.94,2.107
47.103,13.338,50.658,176.74,1.929
57.823,7.051,39.937,291.39,2.25
-62.531,2.965,23.677,256.43,1.736
64.955,19.346,68.307,107.46,1.706
111.344,41.98,84.474,161.94,2.132
-35.345,31.053,82.166,308.52,1.711
76.403,16.789,60.951,208.49,2.007
-58.57,5.671,34.893,95.38,1.737
63.064,20.034,69.435,57.35,3.065
-79.306,31.763,76.899,310.73,3.072
4.315,35.706,82.381,303.49,2.544
46.135,13.895,51.448,296.16,2.97
-47.825,21.892,65.38,115.96,2.889
77.017,15.183,56.872,2.39,2.841
8.869,24.21,67.361,220.0,1.7
-18.414,27.155,80.21,4.26,1.897
12.693,42.611,85.772,262.68,2.694
61.12,3.232,26.278,289.58,2.086
75.464,12.051,50.314,97.37,1.784
53.858,14.507,54.708,151.74,2.154
-113.678,26.678,79.555,133.85,2.526
-55.585,28.732,73.505,59.15,1.773
-36.037,20.598,68.33,279.79,2.024
73.018,11.403,49.143,357.19,2.582
79.832,26.009,77.011,253.11,2.078
9.736,24.454,67.532,327.73,1.942
-83.325,17.875,56.986,271.15,2.597
-87.589,18.943,60.383,281.22,2.972
-73.425,24.791,66.552,113.28,2.924
-21.595,30.91,84.218,234.66,1.91
58.235,9.41,45.415,279.81,2.971
71.63,43.538,96.216,66.62,2.563
-51.727,23.091,66.338,290.51,2.051
-62.785,39.557,82.58,255.23,2.136
-18.08,41.673,93.902,59.11,1.854
76.787,4.922,34.4,174.86,2.093
54.936,39.647,90.181,275.69,2.001
-5.235,19.913,65.506,357.96,2.313
60.682,14.525,56.1,180.72,2.793
-82.614,40.65,85.414,316.13,2.849
-68.016,41.94,84.384,108.28,2.771
77.119,6.437,38.577,1.97,3.004
-0.033,23.023,68.924,101.51,2.834
-1.987,21.85,67.807,324.01,1.723
-99.848,22.458,71.88,359.73,1.755
-121.455,36.601,88.324,294.32,2.628
-48.186,1.134,0.876,340.78,1.733
87.799,14.571,53.318,226.99,2.288
-95.765,36.95,86.676,261.01,2.569
-51.247,26.884,72.368,108.66,1.976
-46.473,24.911,71.163,306.45,2.912
94.133,16.843,55.635,160.01,1.758
-72.04,23.87,64.868,238.25,2.79
-70.02,15.397,51.535,30.44,3.097
-83.899,23.8,68.191,296.71,1.938
72.668,19.018,67.563,328.9,1.895
-18.2,21.886,72.945,223.83,2.976
52.212,19.853,65.941,77.71,3.014
-72.933,7.599,38.495,130.76,3.024
64.465,30.274,83.397,110.42,2.415
56.406,22.978,73.235,26.38,2.293
91.784,31.63,79.197,190.74,2.69
-45.903,30.777,78.812,343.62,2.618
-42.214,34.874,83.831,26.45,2.744
-119.144,44.749,96.851,314.97,2.646
68.762,32.53,85.483,247.46,1.888
-89.649,28.58,76.587,220.14,2.722
-61.46,3.561,27.731,260.69,2.006
-13.587,42.701,94.065,80.0,2.928
-25.67,28.35,81.413,31.27,2.336
47.692,26.958,75.728,185.96,2.83
107.64,28.504,71.83,89.62,2.248
68.45,10.518,47.676,344.68,2.601
68.202,40.165,92.809,127.82,2.143
-63.505,34.715,78.429,206.43,2.222
84.066,14.074,53.29,250.75,2.422
-104.265,23.807,75.291,316.68,2.854
-84.499,29.829,76.246,189.27,2.686
-45.444,33.585,81.693,131.07,1.813
6.207,24.799,69.178,42.69,2.271
52.338,25.915,76.111,26.58,2.341
72.74,20.646,70.813,3.51,2.29
-34.262,24.397,75.06,330.16,1.739
60.854,14.251,55.547,315.52,2.476
-2.512,36.655,85.131,46.47,1.836
-100.566,43.298,93.74,11.36,2.47
117.177,42.821,85.25,336.29,2.312
-52.138,12.624,48.132,90.94,1.785
-72.522,12.343,46.982,161.79,2.237
26.457,30.735,74.491,189.51,1.838
63.776,21.29,72.064,133.16,2.648
63.766,22.067,73.383,244.03,2.382
61.968,17.576,63.389,128.31,2.553
106.484,32.367,76.428,30.25,1.899
-89.256,37.994,85.291,355.17,2.175
-50.839,24.093,68.293,198.38,2.993
47.951,35.136,83.961,199.36,2.683
-100.36,29.984,81.678,107.73,2.103
-52.146,5.141,33.359,165.35,2.58
95.018,19.269,59.985,283.46,2.273
-7.715,34.02,84.389,327.9,1.824
-61.363,25.798,68.527,287.43,2.637
-6.579,41.404,90.601,59.46,2.717
-19.875,21.317,72.129,234.09,2.327
-89.535,18.33,59.772,35.14,2.402
-33.431,31.091,82.661,61.0,2.139
-65.812,10.414,43.588,129.35,2.176
-110.782,30.729,83.714,10.76,2.389
79.189,38.162,88.994,306.6,1.974
65.517,19.918,69.63,345.42,1.817
-62.621,3.77,28.587,253.44,2.995
90.112,27.205,74.91,172.84,2.05
-66.931,9.976,42.864,245.64,2.587
-57.336,32.346,76.996,113.16,2.066
-72.304,4.618,30.856,326.05,3.04
-73.076,20.647,59.788,88.19,3.049
69.244,3.217,26.865,333.12,2.393
82.622,9.689,45.191,177.71,2.355
109.9,41.196,83.919,123.2,3.046
60.396,20.456,69.69,0.65,2.533
103.686,30.634,74.973,153.81,1.904
-62.456,19.346,57.641,18.29,1.991
72.621,44.319,96.982,318.96,2.815
52.553,14.157,53.645,42.59,2.138
-28.546,33.033,85.54,27.24,2.459
114.988,42.328,84.763,163.38,3.042
-60.482,10.283,43.43,109.95,2.066
-113.693,44.444,97.688,122.33,2.299
-67.423,27.082,69.671,317.02,2.719
68.698,13.942,55.002,230.03,1.917
-106.892,18.154,65.32,169.45,1.719
-25.553,18.356,65.906,48.35,2.183
-75.26,8.827,41.07,190.69,2.056
-75.618,17.12,54.499,84.78,2.622
64.443,34.555,87.402,235.63,2.437
-47.311,12.21,48.414,213.19,2.563
-23.247,40.635,93.187,42.13,2.736
-13.041,35.958,87.649,165.51,2.179
-6.483,33.546,83.579,345.62,2.619
-96.328,40.715,90.026,104.4,2.249
89.401,11.84,48.1,12.4,2.176
-66.861,19.22,57.256,154.21,2.569
-109.458,23.937,76.189,333.92,3.078
56.343,4.917,33.588,212.29,1.942
85.565,19.662,63.853,356.43,2.878
21.54,31.831,75.466,112.68,2.287
78.736,44.938,95.59,157.39,1.795
-107.781,24.665,76.968,178.97,3.026
76.441,5.974,37.488,194.59,2.58
80.07,19.326,65.553,305.38,1.907
-46.447,1.285,2.474,242.06,2.246
-11.86,37.104,88.38,41.24,2.972
79.383,19.108,65.354,251.71,2.291
111.978,33.816,77.571,36.36,2.356
-82.276,44.63,88.476,196.18,2.715
106.894,35.988,79.838,75.66,2.698
83.834,11.47,48.506,349.31,2.848
-79.618,8.724,41.187,130.26,2.026
47.849,9.249,43.5,148.31,1.819
73.723,4.121,31.987,342.62,2.103
46.633,31.069,79.764,87.16,2.425
-57.381,11.255,45.166,106.72,2.31
17.146,25.578,68.126,21.83,2.338
-53.155,7.518,39.042,157.84,2.665
50.12,2.296,13.019,177.5,1.845
-67.301,28.253,71.262,293.43,2.164
55.699,2.699,22.133,104.56,1.841
87.181,24.641,72.474,193.27,1.862
54.358,25.266,75.96,104.11,2.024
-79.202,35.38,80.308,312.16,2.551
13.155,42.824,85.837,112.68,2.461
99.378,21.46,62.872,32.06,2.365
49.996,6.131,37.25,65.44,2.768
85.394,14.393,53.576,230.1,1.718
48.969,5.906,36.668,14.68,3.071
-53.993,26.511,71.054,210.78,2.181
58.6,34.914,86.97,240.88,2.115
20.345,36.675,79.998,56.3,3.087
-103.389,40.451,91.87,247.67,2.291
49.718,1.179,3.757,246.1,1.834
-60.228,12.932,47.533,165.27,2.301
-37.449,42.764,92.142,126.36,1.94
-50.226,16.138,54.35,68.96,1.815
-19.932,21.144,71.807,244.18,2.415
-71.436,28.955,72.329,72.52,2.98
54.776,9.149,44.395,331.81,1.701
80.074,34.565,85.628,85.71,2.655
-72.265,4.838,31.549,284.56,2.179
-49.318,1.209,2.197,197.48,1.725
-67.73,9.554,42.163,247.32,1.813
-11.097,27.293,78.734,267.56,3.08
-100.875,40.25,91.016,221.77,2.481
-106.011,23.987,75.885,289.76,2.24
-4.251,36.757,85.753,155.33,2.717
62.411,7.661,41.743,46.38,1.953
-2.612,24.695,72.694,226.59,1.927
82.561,14.617,54.596,135.24,1.956
57.75,34.018,86.003,239.43,2.213
66.398,37.435,90.126,43.42,1.75
104.488,43.853,86.343,36.75,3.09
-64.027,15.925,52.054,150.23,2.613
41.78,25.362,71.475,339.56,2.464
-37.712,34.221,84.504,63.02,3.003
-60.325,20.231,59.428,136.0,2.911
-51.1,39.324,84.757,131.46,1.736
57.937,44.005,95.185,198.05,2.745
71.266,16.616,61.725,136.66,1.988
51.211,2.898,23.433,8.32,2.289
70.34,3.885,30.982,88.4,2.899
-30.924,24.668,76.271,356.58,2.525
86.499,38.758,87.318,120.64,2.841
-26.094,21.069,71.698,308.17,1.998
-12.49,19.139,66.313,330.01,3.061
-101.846,27.028,78.862,183.3,2.69
77.286,44.558,95.745,278.05,2.772
57.014,30.703,82.76,185.13,2.341
26.172,35.982,79.61,278.98,1.885
50.037,4.746,33.359,85.08,2.472
-53.8,3.645,28.13,73.37,2.087
-86.431,17.281,56.699,194.69,2.465
76.886,39.271,90.588,152.64,2.455
60.904,43.481,95.43,136.13,1.726
19.929,41.523,83.921,146.46,1.817
34.668,23.263,65.373,200.26,1.803
-54.416,30.309,75.593,30.86,2.286
-33.503,23.763,74.425,89.01,1.804
-66.873,14.42,49.881,7.53,2.708
61.5,7.918,42.312,141.59,2.494
59.359,17.621,62.853,340.46,2.002
50.681,2.244,12.683,208.89,2.022
15.271,35.319,79.33,64.22,2.498
-66.687,10.169,43.186,230.31,2.622
-47.658,21.797,65.269,92.83,2.311
56.029,23.912,74.578,296.65,2.769
-74.494,7.663,38.717,130.69,2.436
30.159,42.916,85.734,286.72,2.294
70.911,3.325,27.817,95.62,1.948
-107.494,44.191,96.878,75.06,2.782
-96.918,33.78,84.295,83.05,2.694
58.358,40.794,92.136,49.23,2.759
2.823,43.408,89.02,191.47,1.815
49.255,24.182,72.65,285.67,1.786
54.988,11.777,49.636,319.54,3.027
-118.209,31.983,84.669,146.83,2.06
79.23,23.503,73.784,206.57,2.184
-64.839,25.327,67.304,139.07,1.768
-122.466,44.044,94.953,226.1,2.035
-5.942,32.814,82.745,297.43,1.906
-36.491,30.358,81.19,254.62,1.899
-62.251,12.626,47.014,333.23,2.501
-16.404,36.807,89.109,3.51,1.792
62.194,14.563,56.365,152.56,2.704
52.151,3.149,25.751,79.6,1.965
60.04,41.182,92.908,295.41,3.025
-19.389,19.929,69.226,154.4,3.073
70.706,44.477,97.536,210.96,2.324
-80.257,9.267,42.209,127.27,2.979
-108.667,27.791,80.632,143.11,3.021
-118.233,35.301,87.714,220.63,3.1
-69.416,4.378,30.16,210.68,3.005
49.394,30.521,80.172,309.71,2.962
75.832,40.691,92.216,104.76,1.756
44.181,43.349,89.642,295.5,1.81
-93.161,19.172,62.704,64.99,2.807
62.237,15.181,57.735,344.08,2.46
95.276,16.161,54.109,310.71,2.748
48.289,5.359,35.208,61.72,2.842
78.783,23.641,74.135,216.91,2.605
-61.18,16.129,52.438,242.06,2.742
116.724,42.176,84.732,238.29,1.75
-0.03,24.61,71.499,131.01,2.805
-99.364,40.871,91.129,137.27,2.001
-79.324,22.282,63.931,163.62,1.882
27.956,35.902,79.764,311.8,1.881
-42.836,44.845,91.921,48.87,2.126
-3.255,29.673,78.876,68.27,2.067
92.337,17.919,58.165,245.81,2.291
98.386,37.698,82.61,260.8,2.894
-19.255,29.601,82.833,246.49,2.497
97.521,23.149,66.463,127.27,2.439
68.555,36.343,89.074,99.16,2.207
-98.703,36.031,86.768,278.35,1.829
50.925,42.487,91.386,248.65,2.496
-78.144,5.411,33.871,287.7,2.651
-25.926,31.32,84.337,185.28,2.852
-54.154,4.571,31.764,153.62,2.113
76.625,24.898,76.408,231.29,1.806
-119.842,39.568,91.325,0.41,2.394
68.315,19.553,69.085,26.6,2.548
0.463,29.559,77.611,224.02,1.987
50.158,6.175,37.365,253.45,2.713
84.629,30.123,80.222,134.28,1.93
90.579,19.527,61.837,61.81,3.028
-88.137,23.739,69.623,143.05,3.071
-47.963,24.463,69.865,344.63,2.732
54.597,3.67,28.614,2.74,2.002
-88.213,14.39,51.825,197.0,2.168
-96.417,37.933,87.709,290.59,2.496
-45.571,22.463,67.331,48.53,2.052
-50.437,4.028,29.481,331.02,1.753
-45.755,26.192,73.357,121.89,1.943
96.271,32.159,78.253,274.35,1.722
61.878,18.53,65.708,281.07,1.779
67.467,16.827,62.399,88.84,2.458
-83.842,41.277,86.248,99.04,2.989
24.94,43.334,85.395,284.61,2.114
0.804,32.836,80.783,116.94,2.621
-96.89,45.578,94.595,26.04,3.063
-115.632,46.307,100.025,11.72,1.973
-11.11,37.38,88.415,248.42,2.927
73.438,18.54,66.293,67.32,1.74
105.255,34.823,78.934,170.91,2.183
-32.289,20.067,68.656,45.56,2.808
-16.274,28.699,81.531,331.12,1.828
-59.155,4.013,29.912,152.05,1.936
-47.774,1.527,5.545,72.99,2.327
73.091,20.287,70.105,292.22,2.477
-96.306,23.117,71.642,263.11,2.237
-123.168,44.505,95.185,211.64,1.924
90.878,24.739,71.189,181.99,2.294
-16.396,45.766,98.291,205.48,2.84
56.8,9.131,44.648,346.3,3.091
-34.583,23.845,74.229,71.85,1.965
3.338,28.59,75.56,171.54,1.97
64.089,4.558,32.902,236.32,2.179
-14.799,21.009,70.728,18.21,2.56
-31.215,37.408,89.044,19.51,2.098
41.879,26.6,73.191,17.31,2.116
-58.6,21.606,62.183,319.77,2.794
92.999,35.019,81.938,154.9,2.837
-11.733,22.064,71.923,242.23,2.495
76.358,4.592,33.35,203.98,2.031
62.927,3.386,27.327,119.23,2.869
64.449,28.243,81.346,306.33,2.703
-75.139,13.891,49.504,340.05,1.825
59.555,3.021,24.859,90.59,2.651
-42.705,39.119,87.251,113.63,2.806
